Type,ModifyDate,Image,ListingID,Name,Description,ContactName,ContactEmail,ContactPhone,Website,Facebook,Twitter,Instagram,Pinterest,Youtube,Blog,Address,State,City,Street,Zip,Longitude,Latitude,Dates,Products
farmers market,"Apr 14th, 2022",farmersmarket_301667_11089_20220414135348.png,301667,Galena KS Farmer's Market,,Kevin and Melissa Karsten,galenaksmarket@gmail.com,620-762-1359,,https://www.facebook.com/GalenaKSFarmersMarket,,,,,,"210 W 7th St, Galena, Kansas 66739",Kansas,Galena,210 W 7th St,66739,-94.640914,37.074792,May to October,"Fresh fruits, Fresh vegetables, Baked goods, Bedding plants, Canned or preserved fruits/vegetables, Crafts/woodworking items, Eggs, Fresh/dried herbs, Honey, Nursery stock, Soap/body care products"
farmers market,"Apr 4th, 2020",default-farmersmarket-4-3.jpg,301071,Perry Lecompton Farmers Market,,Eric Youngquist,hallowacres@embarqmail.com,785-813-6461,www.perrylecomptonfarmersmarket.com,@perrylecomptonfarmersmarket,,,,,,"2115 Ferguson Rd., Perry, Kansas 66073",Kansas,Perry,2115 Ferguson Rd.,66073,-95.392324,39.081430,May to October,"Fresh fruits, Fresh vegetables, Baked goods, Bedding plants, Canned or preserved fruits/vegetables, Cut flowers, Eggs, Fresh/dried herbs, Honey, Pet food, Poultry/fowl meat and products, Red/other non-poultry meat and products, Soap/body care products"
farmers market,"Apr 7th, 2021",default-farmersmarket-4-3.jpg,301487,Clay Center Farmers Market,,Linda Sleichter,lindasleichter@yahoo.com,785-630-0673,,Clay Center Farmers Market,,,,,,"720 5th Street, Clay Center, Kansas 67432",Kansas,Clay Center,720 5th Street,67432,-97.126471,39.376936,April to October,"Fresh fruits, Fresh vegetables, Baked goods, Bedding plants, Canned or preserved fruits/vegetables, Crafts/woodworking items, Cut flowers, Dairy products., Eggs, Fresh/dried herbs, Honey, Pet food, Prepared foods, Red/other non-poultry meat and products, Soap/body care products"
farmers market,"Aug 12th, 2020",default-farmersmarket-4-3.jpg,301222,Delano Neighborhood Market,,Natalie Greenlee,delanoneighborhoodmarket@gmail.com,3168410003,,facebook.com/delanoneighborhoodmarket,,,,,,"1709 W Douglas , Wichita, Kansas 67213",Kansas,Wichita,1709 W Douglas,67213,-97.360349,37.683757,August to September,"Fresh fruits, Fresh vegetables, Baked goods, Canned or preserved fruits/vegetables, Coffee/tea, Crafts/woodworking items, Eggs, Honey, Prepared foods, Red/other non-poultry meat and products, Soap/body care products"
farmers market,"Dec 9th, 2021",default-farmersmarket-4-3.jpg,301615,Pittsburg Area Farmers' Market,,Josie Smith,josie.smith@pittks.org,6202318310,pittsburgfarmersmarket.org,Pittsburg Farmers' Market,,,,,,"119 E. 11St., Pittsburg, Kansas 66762",Kansas,Pittsburg,119 E. 11St.,66762,-94.703397,37.418249,April to October,"Fresh fruits, Fresh vegetables, Baked goods, Crafts/woodworking items, Cut flowers, Eggs, Fresh/dried herbs, Honey, Prepared foods, Red/other non-poultry meat and products"
farmers market,"Jan 14th, 2021",default-farmersmarket-4-3.jpg,301078,Allen County Farmers' Market,,Robin Schallie,rschallie.acfarmersmarket@gmail.com,6203652172,www.acfarmersmarket.com,Allen County Farmers' Market,,,,,,"807  N. State, Iola, Kansas 66749",Kansas,Iola,807  N. State,66749,-95.400669,37.927427,April to October,"Fresh vegetables, Baked goods, Canned or preserved fruits/vegetables, Crafts/woodworking items, Cut flowers, Eggs, Fresh/dried herbs, Honey, Poultry/fowl meat and products, Red/other non-poultry meat and products, Soap/body care products"
farmers market,"Jan 25th, 2021",default-farmersmarket-4-3.jpg,300746,Columbus KS Farmers Market,,Bobbi Williams,madfarmnow@gmail.com,620-674-1761,,Facebook: columbus ks farmers' market,,,,,,"202 N. East Avenue, Columbus, Kansas 66725",Kansas,Columbus,202 N. East Avenue,66725,-94.831459,37.171861,May to October,"Fresh fruits, Fresh vegetables, Baked goods, Bedding plants, Canned or preserved fruits/vegetables, Crafts/woodworking items, Cut flowers, Eggs, Fresh/dried herbs, Honey, Mushrooms, Nuts, Pet food, Poultry/fowl meat and products, Prepared foods, Red/other non-poultry meat and products, Soap/body care products"
farmers market,"Jan 26th, 2021",default-farmersmarket-4-3.jpg,300376,Belleville Farmer's Market,,David Pachta,bellevilleccms@gmail.com,785-527-5524,bellevilleks.org,https://www.facebook.com/BellevilleKSFarmersMarket,,,,,,"1815 M St. , Belleville , Kansas 66935",Kansas,Belleville,1815 M St.,66935,-97.630924,39.822988,May to September,"Fresh fruits, Fresh vegetables, Baked goods, Bedding plants, Canned or preserved fruits/vegetables, Crafts/woodworking items, Cut flowers, Fresh/dried herbs, Honey, Maple products, Soap/body care products"
farmers market,"Jan 27th, 2021",default-farmersmarket-4-3.jpg,301411,Lawrence Farmers' Market - Saturday Downtown Market,,Sophia Tate,lawrencefarmersmarket@gmail.com,7855050117,https://www.lawrencefarmersmarket.org/,https://www.facebook.com/lawrencefarmersmarket,https://twitter.com/lawrencefresh?lang=en,,,,,"824 New Hampshire Street, Lawrence, Kansas 66044",Kansas,Lawrence,824 New Hampshire Street,66044,-95.234480,38.968590,April to November,"Fresh fruits, Fresh vegetables, Baked goods, Bedding plants, Canned or preserved fruits/vegetables, Coffee/tea, Crafts/woodworking items, Cut flowers, Dairy products., Dry beans, Eggs, Fresh/dried herbs, Grains/flour, Honey, Juices/non-alcoholic ciders, Mushrooms, Nuts, Poultry/fowl meat and products, Prepared foods, Red/other non-poultry meat and products, Soap/body care products, Wild harvested forest products, Wine, spirits, beer, hard cider"
farmers market,"Jan 27th, 2021",default-farmersmarket-4-3.jpg,301412,Lawrence Farmers' Market - Tuesday Market,,Sophia Tate,lawrencefarmersmarket@gmail.com,7855050117,https://www.lawrencefarmersmarket.org/,https://www.facebook.com/lawrencefarmersmarket,https://twitter.com/lawrencefresh?lang=en,,,,,"1140 Massachusetts Street, Lawrence, Kansas 66044",Kansas,Lawrence,1140 Massachusetts Street,66044,-95.235986,38.963018,May to October,"Fresh fruits, Fresh vegetables, Baked goods, Bedding plants, Canned or preserved fruits/vegetables, Coffee/tea, Crafts/woodworking items, Cut flowers, Dairy products., Dry beans, Eggs, Fresh/dried herbs, Grains/flour, Honey, Juices/non-alcoholic ciders, Mushrooms, Nuts, Poultry/fowl meat and products, Prepared foods, Red/other non-poultry meat and products, Soap/body care products, Wild harvested forest products, Wine, spirits, beer, hard cider"
farmers market,"Jan 4th, 2021",default-farmersmarket-4-3.jpg,300593,Gardner Farmers Market,,Doug Finnicum,finnicum@gmail.com,585-747-5391,gardnerfarmersmarket@gmail.com,Gardner Farmers Market,,,,,,"136 E Washington St, Gardner , Kansas 66030",Kansas,Gardner,136 E Washington St,66030,-94.925777,38.812999,May to September,"Fresh fruits, Fresh vegetables, Baked goods, Bedding plants, Canned or preserved fruits/vegetables, Crafts/woodworking items, Cut flowers, Eggs, Fresh/dried herbs, Grains/flour, Honey, Juices/non-alcoholic ciders, Nuts, Pet food, Poultry/fowl meat and products, Red/other non-poultry meat and products, Soap/body care products"
farmers market,"Jan 5th, 2021",default-farmersmarket-4-3.jpg,300126,Cottin's Hardware Farmers Market,,Linda Cottin,hardware@sunflower.com,785-843-2981,www.cottinshardware.com/farmersmarket/,https://www.facebook.com/pages/Cottins-Hardware-Farmers-Market/130797680335852,@cottins,,,,,"1832 Massachusetts Street, Lawrence, Kansas 66044",Kansas,Lawrence,1832 Massachusetts Street,66044,-95.235146,38.950747,Year-round,"Fresh fruits, Fresh vegetables, Baked goods, Canned or preserved fruits/vegetables, Coffee/tea, Eggs, Fresh/dried herbs, Grains/flour, Honey, Mushrooms, Nuts, Poultry/fowl meat and products, Red/other non-poultry meat and products, Soap/body care products, Wild harvested forest products"
farmers market,"Mar 21st, 2023",default-farmersmarket-4-3.jpg,310301,Ark City Farmer and Art Market,,,cowleyfarmersmarketassociation@gmail.com,321-720-0875,,https://www.facebook.com/ArkansasCityFarmAndArtMarket,,,,,,"701 N Summit St, Arkansas city, KS 67005",Kansas,Arkansas city,701 N Summit St,67005,-97.03904250978441,37.069572330358476,,
farmers market,"Mar 21st, 2023",default-farmersmarket-4-3.jpg,310302,Arlington Farm and Art Market,,,kelsidepew@hotmail.com,620-664-8140,,https://www.facebook.com/ArlingtonFarmandArtMarket/,,,,,,"304 W Main, Arlington, KS 67514",Kansas,Arlington,304 W Main,67514,-98.17873931674514,37.896495155596455,,
farmers market,"Mar 21st, 2023",default-farmersmarket-4-3.jpg,310303,Atchison Farmers' Market,,,debbiemarkgenova@yahoo.com,,http://atchisonfarmers.market,https://www.facebook.com/AtchisonFarmersMarket/,,,,,,"400-600 Main Street, Atchison, KS 66002",Kansas,Atchison,400-600 Main Street,66002,-95.11901668242878,39.560775528000796,,
farmers market,"Mar 21st, 2023",default-farmersmarket-4-3.jpg,310304,Atwood Farmers Market,,,,785-626-9630,,,,,,,,"111 South 4th Street 111 South 4th Street Atwood, KS 67730",Kansas,ATWOOD,111 S 4TH ST,67730,-101.0421526033838,39.80710280080265,,
farmers market,"Mar 21st, 2023",default-farmersmarket-4-3.jpg,310305,Augusta Farmers' Market,,,toddgriggs@att.net,316-651-3864,,,,,,,,"640 N. Osage St., East side of the senior center, Augusta, KS, 67010",Kansas,Augusta,640 N. Osage St,67010,-96.97650667751859,37.6780802393021,,
farmers market,"Mar 21st, 2023",default-farmersmarket-4-3.jpg,310306,Basehor Farmer & Craft Market,,,Grammytammyscreations@yahoo.com,605-310-4777,,https://www.facebook.com/Basehor-Farmer-Craft-Market-100934928429803/,,,,,,"2705 155th St, Basehor, KS 66007",Kansas,Basehor,2705 155th St,66007,-94.93843747050455,39.138188462018256,,
farmers market,"Mar 21st, 2023",default-farmersmarket-4-3.jpg,310307,Border Queen Farm & Art Market,,,dylanbristor@gmail.com,620-705-1675,,https://www.facebook.com/BQFarmersMarket,,,,,,"102 S. Main, Caldwell , KS 67152",Kansas,Caldwell,102 S. Main,67152,-97.60685819722598,37.03130289707278,,
farmers market,"Mar 21st, 2023",default-farmersmarket-4-3.jpg,310308,Breadbasket Farmers Market,,,breadbasketfarmersmarket@gmail.com,,http://breadbasketfarmersmarket.com,https://www.facebook.com/Breadbasket-Farmers-Market-111941761398858,,,,,,"1901 SW Wanamaker Rd, Topeka, KS 66614",Kansas,Topeka,1901 SW Wanamaker Rd,66614,-95.76210360100912,39.03255349742151,,
farmers market,"Mar 21st, 2023",default-farmersmarket-4-3.jpg,310309,Buhler Farmers' Market,,,,,,,,,,,,"214 Main St Buhler, KS 67522",Kansas,BUHLER,214 S MAIN ST,67522,-97.7705973706945,38.13439711269424,,
farmers market,"Mar 21st, 2023",default-farmersmarket-4-3.jpg,310310,Burlingame Farmers' Market,,,timshep089@yahoo.com,785-422-1689,,,,,,,,"115 East Santa Fe, Burlingame, KS 66413",Kansas,Burlingame,115 East Santa Fe,66413,-95.83402969122567,38.753676033975914,,
farmers market,"Mar 21st, 2023",default-farmersmarket-4-3.jpg,310311,Burlington Farmers' Market,,,executivedirector@coffeycountychamber.com,620-364-2002,,,,,,,,"4th St. & Neosho, Parking lot N. of Red Caboose, Burlington, KS, 66839",Kansas,Burlington,4th St. & Neosho,66839,-95.7439899611026,38.26194999658594,,
farmers market,"Mar 21st, 2023",default-farmersmarket-4-3.jpg,310312,Capitol Midweek Farmers' Market,,,,785-296-8060,http://www.kdheks.gov/bhp/farmers_market/,,,,,,,"10th Ave. & Jackson, south side of the Capitol, Topeka, KS, 66618",Kansas,Topeka,10th Ave. & Jackson,66618,-95.78512590531223,39.05124058437814,,
farmers market,"Mar 21st, 2023",default-farmersmarket-4-3.jpg,310313,Cawker City Farmers' Market,,,bkschreuder@nckcn.com,,http://www.cawkercitykansas.com/,https://www.facebook.com/cawkercitycommunityclub/,,,,,,"Lake Drive and Highway 24, Cawker City, KS 67430",Kansas,Cawker City,Lake Drive and Highway 24,67430,-98.43306995855322,39.509440003665844,,
farmers market,"Mar 21st, 2023",default-farmersmarket-4-3.jpg,310314,Chanute Farmers Market,,,,620-473-3520,,,,,,,,"2600 South Santa Fe Chanute, KS 66720",Kansas,CHANUTE,2600 S SANTA FE AVE,66720,-95.45262035745864,37.653313537744225,,
farmers market,"Mar 21st, 2023",default-farmersmarket-4-3.jpg,310315,Clinton Parkway Nursery Farmers' Market,,,,,,https://www.facebook.com/FarmersMarketatClintonParkwayNursery,,,,,,"4900 Clinton Pkwy., Lawrence, KS, 66047",Kansas,Lawrence,4900 Clinton Pkwy.,66047,-95.30067924664279,38.94246751981686,,
farmers market,"Mar 21st, 2023",default-farmersmarket-4-3.jpg,310316,Coffeyville Farmers' Market,,,cprice@coffeyville.com,620-251-2550,,,,,,,,"Walter Johnson Park , 401 Hargis Dr., Coffeyville, KS, 67337",Kansas,Coffeyville,401 Hargis Dr.,67337,-95.59503828840742,37.03707865415841,,
farmers market,"Mar 21st, 2023",default-farmersmarket-4-3.jpg,310317,Colwich Farmers Market,,,colwichnews@earthlink.net,316-796-0416,,https://www.facebook.com/CityofColwich/,,,,,,"600 W. Chicago, Colwich, KS 67030",Kansas,Colwich,600 W. Chicago,67030,-97.54062041961487,37.77919888965112,,
farmers market,"Mar 21st, 2023",default-farmersmarket-4-3.jpg,310318,De Soto Farmers' Market,,,thebarnatkillcreekfarm@gmail.com,785-418-7788,http://thebarnatkillcreekfarm.org/farmers-market/,,,,,,,"9200 Kill Creek Rd., De Soto, KS, 66018",Kansas,De Soto,9200 Kill Creek Rd.,66018,-94.95519115604233,38.963293410952964,,
farmers market,"Mar 21st, 2023",default-farmersmarket-4-3.jpg,310319,Depot Farm Market,,,,785-374-4255,http://www.depotmarket.net,http://www.facebook.com/DepotFarmMarket-WichitaCSA,,,,,,"2838 E. Douglas Wichita, KS 67214 CSA pickup and Farmer's Market will be on the east side of the building. Parking in front or in back.",Kansas,WICHITA,2838 E DOUGLAS AVE,67214,-97.30301547256282,37.68628015845597,,
farmers market,"Mar 21st, 2023",default-farmersmarket-4-3.jpg,310320,Dodge City Farmers' Market,,,madmaxx_27@hotmail.com,620-430-7122,,https://www.facebook.com/DCfarmersmarket/?fref=ts,,,,,,"Front Street, between 1st & 2nd Ave, Dodge City, KS 67801",Kansas,Dodge City,"Front Street, between 1st & 2nd Ave",67801,-100.01627012147574,37.733645362021136,,
farmers market,"Mar 21st, 2023",default-farmersmarket-4-3.jpg,310321,Downtown Farmers' Market of Manhattan Inc.,,,farmersmarketmanhattanks@gmail.com,,http://www.manhattanfarmersmarket.org,https://www.facebook.com/Downtown-Farmers-Market-of-Manhattan-115321431812597/,,,,,,"Leavenworth St. & N 3rd St. , Manhattan, KS 66502",Kansas,Manhattan,Leavenworth St. & N 3rd St.,66502,-96.56016998764136,39.18147000446052,,
farmers market,"Mar 21st, 2023",default-farmersmarket-4-3.jpg,310322,Downtown Garden City Farmers' Market,,,jkdavis79@cox.net,620-640-4415,,,,,,,,"1118 Fleming St, Garden City, KS 67846",Kansas,Garden City,1118 Fleming St,67846,-100.85429107107439,37.975871308865784,,
farmers market,"Mar 21st, 2023",default-farmersmarket-4-3.jpg,310323,Downtown Hays Market,,,market@downtownhays.com,,http://www.downtownhays.com/downtown-hays-market,https://www.facebook.com/DowntownHaysMarket/,,,,,,"110 E 10th St, Hays, KS 67601",Kansas,Hays,110 E 10th St,67601,-99.33046283786952,38.87154633001018,,
farmers market,"Mar 21st, 2023",default-farmersmarket-4-3.jpg,310324,Downtown Topeka Farmers' Market,,,topekafarmersmarket@gmail.com,,https://topekafarmersmarket.com/,https://www.facebook.com/pages/Downtown-Topeka-Farmers-Market/101321049927651,,,,,,"12th and Harrison, Topeka, KS 66612",Kansas,Topeka,12th and Harrison,66612,-95.6812400164461,39.04416001357333,,
farmers market,"Mar 21st, 2023",default-farmersmarket-4-3.jpg,310325,Doyle Valley Farmers' Market,,,angelgardend@yahoo.com,620-983-2810,http://www.peabodyks.com/farmers-market.htm,,,,,,,"100 S. Walnut St., Santa Fe Park, Peabody, KS, 66866",Kansas,Peabody,100 S. Walnut St.,66866,-97.10680729422208,38.16486348995374,,
farmers market,"Mar 21st, 2023",default-farmersmarket-4-3.jpg,310326,El Dorado Farmers' Market,,,,316-320-4150,https://www.facebook.com/TheOriginalElDoradoFarmersMarket,,,,,,,"1000 S. Main St., El Dorado, KS, 67042",Kansas,El Dorado,1000 S. Main St.,67042,-96.84977883568226,37.810061977157886,,
farmers market,"Mar 21st, 2023",default-farmersmarket-4-3.jpg,310327,Farmers' Market in Liberal,,,lacfcommunications@gmail.com,620-391-2252,http://www.farmersmarketlk.com/,https://www.facebook.com/farmersmarketlk,,,,,,"7 Plaza Dr., Liberal, KS, 67901",Kansas,Liberal,7 Plaza Dr.,67901,-100.92158400496541,37.05207499538179,,
farmers market,"Mar 21st, 2023",default-farmersmarket-4-3.jpg,310328,Flint Hills Farmers' Market,,,,785-539-8060,,,,,,,,"632 Tuttle Creek Blvd Manhattan, KS 66502",Kansas,MANHATTAN,632 TUTTLE CREEK BLVD,66502,-96.55868313295807,39.18430708658311,,
farmers market,"Mar 21st, 2023",default-farmersmarket-4-3.jpg,310329,Frankfort Farmers' Market,,,blkekcw@bluevalley.net,785-292-4333,,https://www.facebook.com/frankfortkansasfarmersmarket/,,,,,,"Kansas Avenue and 2nd Street, Frankfort, KS 66427",Kansas,Frankfort,Kansas Avenue and 2nd Street,66427,-96.41876996328065,39.70225001205796,,
farmers market,"Mar 21st, 2023",default-farmersmarket-4-3.jpg,310330,"Fredonia, Kansas Farmers' Market",,,pamela.walker@ks.nacdnet.net,620-433-1441,,https://www.facebook.com/Fredonia-Kansas-Farmers-Market-102252202110422,,,,,,"402 N 8th St, Fredonia, KS 66736",Kansas,Fredonia,402 N 8th St,66736,-95.82491220962098,37.5345673138825,,
farmers market,"Mar 21st, 2023",default-farmersmarket-4-3.jpg,310331,Fresh Start Youth Garden Market,,,Psteeleolson@gmail.com,,http://Www.coffeyvillesreawakening.com,https://www.facebook.com/FreshStartYouthGarden,,,,,,"1205 W 9th St, Coffeyville, KS 67337",Kansas,Coffeyville,1205 W 9th St,67337,-95.63468382775928,37.03517814421689,,
farmers market,"Mar 21st, 2023",default-farmersmarket-4-3.jpg,310332,Garnett Farmers' Market,,,director@garnettchamber.org,,https://www.simplygarnett.com/farmers-market.html,https://www.facebook.com/garnettks/,,,,,,"Main St between 4th & 5th Ave, Garnett, KS 66032",Kansas,Garnett,Main St between 4th & 5th Ave,66032,-95.24023003654565,38.27988001903515,,
farmers market,"Mar 21st, 2023",default-farmersmarket-4-3.jpg,310333,Geary Community Farmers Market,,,livewellgearycounty@gmail.com,,https://www.livewellgearycounty.org/farmers-market,https://www.facebook.com/GearyCommunityFarmersMarket/,,,,,,"1025 S Washington, Junction City, KS 66441",Kansas,Junction City,1025 S Washington,66441,-96.83198002019523,39.01020400180025,,
farmers market,"Mar 21st, 2023",default-farmersmarket-4-3.jpg,310334,Girard Farmer's Market,,,sthomappr@hotmail.com,620-724-0472,,https://www.facebook.com/pg/HarrigansBarn/photos/?ref=page_internal,,,,,,"108 E. Forest , Girard, KS 66743",Kansas,Girard,108 E. Forest,66743,-94.84314367743441,37.51082417970289,,
farmers market,"Mar 21st, 2023",default-farmersmarket-4-3.jpg,310335,Goodland Farmers' Market,,,goodlandfarmersmkt@gmail.com,785-899-5809,https://www.facebook.com/goodlandfarmersmarket,,,,,,,"13th & Center, Goodland, KS, 67735",Kansas,Goodland,13th & Center,67735,-101.71317001884485,39.345849980295554,,
farmers market,"Mar 21st, 2023",default-farmersmarket-4-3.jpg,310336,Goodland Open Air Market,,,mecoumerilh@gmail.com,,http://www.goodlandmarket.org,https://www.facebook.com/GoodlandFM/,,,,,,"1218 Main , Goodland, KS 67736",Kansas,Goodland,1218 Main,67736,-101.71186411160349,39.346689068685116,,
farmers market,"Mar 21st, 2023",default-farmersmarket-4-3.jpg,310337,Greeley County Farmers' Market,,,greeleycountyfarmersmarket@gmail.com,620-290-2424,http://www.greeleycounty.org,https://www.facebook.com/greeleycountyfarmersmarket,,,,,,"422 Broadway Ave., Tribune, KS, 67879",Kansas,Tribune,422 Broadway Ave.,67879,-101.75240230532161,38.46899903284096,,
farmers market,"Mar 21st, 2023",default-farmersmarket-4-3.jpg,310338,Greeley County's Fresh Farmers' Market,,,greeleyc@fairpoint.net,620-376-2548,,https://www.facebook.com/greeleycountyfarmersmarket,,,,,,"513 Broadway, Tribune, KS 67879",Kansas,Tribune,513 Broadway,67879,-101.75241998498518,38.469958260110715,,
farmers market,"Mar 21st, 2023",default-farmersmarket-4-3.jpg,310339,Harper County Homegrown Farm & Art Market,,,hpcohomegrown@gmail.com,620-517-0053,,https://www.facebook.com/groups/286449235700499/permalink/286474562364633,,,,,,"485 N State Highway 2, Anthony, KS 67003",Kansas,Anthony,485 N State Highway 2,67003,-98.03924640706707,37.155460835103625,,
farmers market,"Mar 21st, 2023",default-farmersmarket-4-3.jpg,310340,Harvey County Farmers' Market,,,jbhurd1968@gmail.com,316-734-1292,,https://www.facebook.com/Harvey-County-Farmers-Market-281604502045185/,,,,,,"301 North Main Street, Newton, KS 67114",Kansas,Newton,301 North Main Street,67114,-97.34508305667585,38.045178802352744,,
farmers market,"Mar 21st, 2023",default-farmersmarket-4-3.jpg,310341,Haven Farmer's Market,,,shannindrettig@gmail.com,,http://www.havenchamber.com,https://www.facebook.com/HavenChamber,,,,,,"110 N. Salina Drive, Haven, KS 67543",Kansas,Haven,110 N. Salina Drive,67543,-97.7762120498142,37.901381267823815,,
farmers market,"Mar 21st, 2023",default-farmersmarket-4-3.jpg,310342,Hays Area Farmers Market I,,,,785-625-7316,,,,,,,,"2900 Broadway Avenue 2900 Broadway Avenue Hays, KS 67601",Kansas,ANTONINO,2900 BROADWAY AVE,67601,-99.31398495347541,38.88959926719843,,
farmers market,"Mar 21st, 2023",default-farmersmarket-4-3.jpg,310343,Hays Downtown Farmers' Market,,,market@downtownhays.com,785-621-4171,http://www.downtownhays.com/#!downtown-hays-market/c4r,https://www.facebook.com/DowntownHaysMarket,,,,,,"107 W. 10th St., Hays, KS, 67601",Kansas,Hays,107 W. 10th St.,67601,-99.33097861891316,38.871733018731334,,
farmers market,"Mar 21st, 2023",default-farmersmarket-4-3.jpg,310344,Haysville Hometown Market,,,hometownmarket@haysville-ks.com,,http://www.haysville-ks.com/hometown-market,https://www.facebook.com/HaysvilleHM/,,,,,,"100 S. Main Street, Haysville, KS 67060",Kansas,Haysville,100 S. Main Street,67060,-97.35109084833418,37.56415239049802,,
farmers market,"Mar 21st, 2023",default-farmersmarket-4-3.jpg,310345,Hiawatha Farmers' Market,,,angelatwombly97@gmail.com,785-547-5342,,https://www.facebook.com/HiawathaFarmersMarketKS/,,,,,,"201 E. Iowa, Hiawatha, KS 66434",Kansas,Hiawatha,201 E. Iowa,66434,-95.52466090212002,39.84874210411588,,
farmers market,"Mar 21st, 2023",default-farmersmarket-4-3.jpg,310346,Hillsboro Farmers' Market,,,hillsborochamber@hillsboro-kansas.com,620-947-3506,,https://www.facebook.com/hillsboroksfarmersmarket/,,,,,,"Memorial Drive, Hillsboro, KS 67063",Kansas,Hillsboro,Memorial Drive,67063,-97.20762761055522,38.34573099220745,,
farmers market,"Mar 21st, 2023",default-farmersmarket-4-3.jpg,310347,Hooterville Garden Center Farmers' Market,,,,785-836-7395,http://hootervillegc.com,,,,,,,"12165 s topeka ave carbondale, KS 66414",Kansas,CARBONDALE,12165 S TOPEKA AVE,66414,-95.68706451770338,38.847370000702284,,
farmers market,"Mar 21st, 2023",default-farmersmarket-4-3.jpg,310348,Independence Downtown Farmers' Market,,,,620-331-7831,http://www.independencemainstreet.com/Farmer-Market-48443.asp,,,,,,,"Myrtle St. and Penn Ave., Independence, KS, 67301",Kansas,Independence,Myrtle St. and Penn Ave.,67301,-95.7066800145929,37.2243700023854,,
farmers market,"Mar 21st, 2023",default-farmersmarket-4-3.jpg,310349,Independence Farmers & Makers Market,,,indyksmnst@gmail.com,,https://www.independencemainstreet.com/independence-farmers-and-makers-market,https://www.facebook.com/independencefarmersmkt,,,,,,"Chestnut & 8th Street, Independence, KS 67301",Kansas,Independence,Chestnut & 8th Street,67301,-95.70803000391835,37.22658001688616,,
farmers market,"Mar 21st, 2023",default-farmersmarket-4-3.jpg,310350,Kansas Grown Farmers' Market,,,ksgrownfarmersmarket@gmail.com,316-644-9276,http://kansasgrowninc.com,https://www.facebook.com/kansasgrownfarmersmarkets,,,,,,"8141 E. 21st St. N, Wichita, KS, 67206",Kansas,Wichita,8141 E. 21st St. N,67206,-97.24268470463234,37.723011667975996,,
farmers market,"Mar 21st, 2023",default-farmersmarket-4-3.jpg,310351,KC Farm School Farmers Market,,,alicia@kcfarmschool.org,,https://www.kcfarmschool.org/kc-farm-school-farmers-market,https://www.facebook.com/onfarmhandson,,,,,,"4223 Gibbs Road, Kansas City, KS 66106",Kansas,Kansas City,4223 Gibbs Road,66106,-94.6774562465319,39.0586433593376,,
farmers market,"Mar 21st, 2023",default-farmersmarket-4-3.jpg,310352,KCK Farmers Market,,,kckfarmersmarket@gmail.com,913-553-9193,http://www.kckfarmersmarket.com/,,,,,,,"Campus Blvd. & Argentine Ln., Kansas City, KS, 66112",Kansas,Kansas City,Campus Blvd. & Argentine Ln.,66112,-94.75023001187958,39.121610014290354,,
farmers market,"Mar 21st, 2023",default-farmersmarket-4-3.jpg,310353,Kingman Farmers Market @ The Binyard,,,thebinyardkingman@gmail.com,,https://www.thebinyard.com/,https://www.facebook.com/thebinyardkingman,,,,,,"100 North Main Street, Kingman, KS 67068",Kansas,Kingman,100 North Main Street,67068,-98.11319294490418,37.642069467695535,,
farmers market,"Mar 21st, 2023",default-farmersmarket-4-3.jpg,310354,Larned - Hillside Farmers' Market,,,hillsidelarned@gmail.com,,http://www.hillsidelarned.com/,https://www.facebook.com/pages/category/Nonprofit-Organization/Hillside-Envisions-Pawnee-Co-Inc-2037035486423000/,,,,,,"502 W 5th street, Larned, KS 67550",Kansas,Larned,502 W 5th street,67550,-99.10390080467822,38.1785466288894,,
farmers market,"Mar 21st, 2023",default-farmersmarket-4-3.jpg,310355,Lawrence Farmers' Market,,,lawrencefarmersmarket@gmail.com,,http://www.lawrencefarmersmarket.org,https://www.facebook.com/lawrencefarmersmarket,,,,,,"824 New Hampshire St., Lawrence, KS 66044",Kansas,Lawrence,824 New Hampshire St.,66044,-95.23469821173988,38.968849199420134,,
farmers market,"Mar 21st, 2023",default-farmersmarket-4-3.jpg,310356,Leavenworth Farmers' Market,,,jacobsfarm19@msn.com,,http://www.leavenworthfarmersmarket.com/,https://www.facebook.com/Leavenworth-Farmers-Market-100280160021755/,,,,,,"Haymarket Square Pavilion @ 7th and Cherokee Streets, Leavenworth, KS 66048",Kansas,Leavenworth,7th and Cherokee Streets,66048,-94.91822003150276,39.31666000248708,,
farmers market,"Mar 21st, 2023",default-farmersmarket-4-3.jpg,310357,Lenexa Farmers' Market,,,jdoty@lenexa.com,,http://www.lenexa.com/farmersmarket,https://www.facebook.com/groups/lenexafarmmkt/,,,,,,"17201 W. 87th St. Pkwy, Lenexa, KS 66219",Kansas,Lenexa,17201 W. 87th St. Pkwy,66219,-94.78569401185294,38.96959598593861,,
farmers market,"Mar 21st, 2023",default-farmersmarket-4-3.jpg,310358,Leoti Farmers' Market,,,wced@wbsnet.org,620-375-2182,,,,,,,,"612 W. Broadway, Courthouse lawn, Leoti, KS, 67861",Kansas,Leoti,612 W. Broadway,67861,-101.36571917390489,38.48138495273188,,
farmers market,"Mar 21st, 2023",default-farmersmarket-4-3.jpg,310359,Liberal Community Farmers Market,,,,316-624-3939,,,,,,,,"4 Rock Island Road Liberal, KS 67901",Kansas,LIBERAL,4 ROCK ISLAND RD,67901,-100.92200087699888,37.03889269605171,,
farmers market,"Mar 21st, 2023",default-farmersmarket-4-3.jpg,310360,Liberal KS Farmers' Market,,,farmersmarketlk@gmail.com,,http://www.farmersmarketlk.com,https://www.facebook.com/farmersmarketlk/,,,,,,"1195 N. Kansas Ave, Liberal, KS 67901",Kansas,Liberal,1195 N. Kansas Ave,67901,-100.9223085170128,37.05119450613985,,
farmers market,"Mar 21st, 2023",default-farmersmarket-4-3.jpg,310361,Louisburg Kansas Farmers Market,,,,913-438-5397,,https://www.facebook.com/LouisburgFarmersMarket/,,,,,,"S. 2nd St. and Mulberry St., Louisburg, KS, 66053",Kansas,Louisburg,S. 2nd St. and Mulberry St.,66053,-94.68229996724162,38.61939001298481,,
farmers market,"Mar 21st, 2023",default-farmersmarket-4-3.jpg,310362,Main Street Chanute Farmers Market,,,director@chanutemainstreet.com,620-431-0056,,https://www.facebook.com/mainstreetchanutefarmersmarket,,,,,,"Corner of Main St & Highland St, Chanute, KS 66720",Kansas,Chanute,Corner of Main St & Highland St,66720,-95.45048001941781,37.68180997934277,,
farmers market,"Mar 21st, 2023",default-farmersmarket-4-3.jpg,310363,Manhattan Farmers' Market,,,marketmanager@manhattanfarmersmarket.org,785-341-7794,http://www.manhattanfarmersmarket.org/,https://www.facebook.com/pages/Downtown-Farmers-Market-of-Manhattan/115321431812597,,,,,,"Kimball & Avery , CICO Park, Manhattan, KS, 66502",Kansas,Manhattan,Kimball & Avery,66502,-96.62224996677705,39.20359998904337,,
farmers market,"Mar 21st, 2023",default-farmersmarket-4-3.jpg,310364,Marysville Farmers' Market,,,vincemcsr@gmail.com,785-268-0332,,https://www.facebook.com/groups/140885065983287/,,,,,,"7th Street and Broadway, Marysville, KS 66508",Kansas,Marysville,7th Street and Broadway,66508,-96.64937003359636,39.84172001939348,,
farmers market,"Mar 21st, 2023",default-farmersmarket-4-3.jpg,310365,Marysville Kansas Farmers Market,,,,785-562-6818,,,,,,,,"708 Broadway Marysville, KS 66508",Kansas,MARYSVILLE,708 BROADWAY ST,66508,-96.64918295641695,39.84171914524448,,
farmers market,"Mar 21st, 2023",default-farmersmarket-4-3.jpg,310366,McPherson County Farmers' Market,,,smarston@ksu.edu,,https://www.mcpherson.k-state.edu/farmersmarket/,https://www.facebook.com/mcphersoncountyfarmersmarket/,,,,,,"600 W. Woodside, McPherson, KS 67460",Kansas,McPherson,600 W. Woodside,67460,-97.67366407129171,38.3735573040429,,
farmers market,"Mar 21st, 2023",default-farmersmarket-4-3.jpg,310367,Merriam Farmers' Market,,,iberg@merriam.org,913-322-5550,http://www.merriam.org/322/Farmers-Market,https://www.facebook.com/merriamfarmersmarket/,,,,,,"5740 Merriam Dr., Merriam, KS 66203",Kansas,Merriam,5740 Merriam Dr.,66203,-94.69405041238592,39.02480879047721,,
farmers market,"Mar 21st, 2023",default-farmersmarket-4-3.jpg,310368,MHK Community Market,,,mhkcommunitymarket@gmail.com,785-477-6517,,https://www.facebook.com/mhkcommunitymarket,,,,,,"114 McCall Rd, MANHATTAN, KS 66502",Kansas,MANHATTAN,114 McCall Rd,66502,-96.55811806935422,39.18939730924338,,
farmers market,"Mar 21st, 2023",default-farmersmarket-4-3.jpg,310369,Minneapolis Farmers Market,,,,785-392-2147,,,,,,,,"210 North Rock 210 North Rock Minneapolis, KS 67467",Kansas,MINNEAPOLIS,210 N ROCK ST,67467,-97.70592896395863,39.122527272974544,,
farmers market,"Mar 21st, 2023",default-farmersmarket-4-3.jpg,310370,Mission Farm and Flower Market,,,erandel@missionks.org,913-676-8368,http://www.missionks.org/market,https://www.facebook.com/missionfarmandflowermarke,,,,,,"5613 Johnson Dr., Mission, KS, 66202",Kansas,Mission,5613 Johnson Dr.,66202,-94.65043473673047,39.02222547681127,,
farmers market,"Mar 21st, 2023",default-farmersmarket-4-3.jpg,310371,Mission Market,,,market@missionks.org,,https://www.missionks.org/parks-recreation/mission-market/,https://www.facebook.com/missionksmarket,,,,,,"5635 Johnson Drive, Mission, KS 66202",Kansas,Mission,5635 Johnson Drive,66202,-94.65065229998018,39.022219550964,,
farmers market,"Mar 21st, 2023",default-farmersmarket-4-3.jpg,310372,Monday Farmers Market At Your Library,,,meetings@tscpl.org,,https://tscpl.org/services/monday-farmers-market,,,,,,,"Topeka & Shawnee Co Public Library 1515 SW 10th Ave, Topeka, KS 66604",Kansas,Topeka,1515 SW 10th Ave,66604,-95.69656599112626,39.050776981306626,,
farmers market,"Mar 21st, 2023",default-farmersmarket-4-3.jpg,310373,Moundridge Farmers Market,,,goeringlinda@yahoo.com,620-345-2899,,https://www.facebook.com/profile.php?id=100057357163276,,,,,,"406 W Cole St, Moundridge, KS 67107",Kansas,Moundridge,406 W Cole St,67107,-97.52382086775542,38.203047016472155,,
farmers market,"Mar 21st, 2023",default-farmersmarket-4-3.jpg,310374,Newton Farm & Art Market,,,onorm@att.net,316-587-8070,,https://www.facebook.com/NewtonFarmArtMarket,,,,,,"121 East 6th , Newton, KS 67114",Kansas,Newton,121 East 6th,67114,-97.34456592804426,38.04866992943419,,
farmers market,"Mar 21st, 2023",default-farmersmarket-4-3.jpg,310375,Nomad Market KC,,,nomadmarketkc@gmail.com,785-268-0162,,https://www.facebook.com/nomadmarketkc,,,,,,"604 S. 2nd St., Louisburg, KS 66053",Kansas,Louisburg,604 S. 2nd St.,66053,-94.68239875537074,38.61938561583064,,
farmers market,"Mar 21st, 2023",default-farmersmarket-4-3.jpg,310376,Norton Farmers Market,,,nortoncc@ruraltel.net,785-877-2501,,https://www.facebook.com/NortonFarmersMarket,,,,,,"Station 15, Norton, KS 67654-2107",Kansas,Norton,Station 15,67654,-99.88701303897224,39.829185396689965,,
farmers market,"Mar 21st, 2023",default-farmersmarket-4-3.jpg,310377,Oberlin Farmers' Market,,,,785-475-3441,,,,,,,,"104 S. Penn St., Oberlin, KS, 67749",Kansas,Oberlin,104 S. Penn St.,67749,-100.52900362200694,39.82067588965584,,
farmers market,"Mar 21st, 2023",default-farmersmarket-4-3.jpg,310378,Ottawa Farmers' Market,,,,913-648-4152,http://visitottawakansas.com/business_directory/ottawa-farmers-market,,,,,,,"2008 S. Princeton St., Ottawa, KS, 66067",Kansas,Ottawa,2008 S. Princeton St.,66067,-95.26867100748638,38.58457301211757,,
farmers market,"Mar 21st, 2023",default-farmersmarket-4-3.jpg,310379,Our Small Town Market,,,oursmalltownmarket@gmail.com,620-491-0322,,,,,,,,"208 W Main St, Anthony, KS 67003",Kansas,Anthony,208 W Main St,67003,-98.03165235319871,37.15218364438865,,
farmers market,"Mar 21st, 2023",default-farmersmarket-4-3.jpg,310380,Overland Park Farmers Market,,,kristina.stanley@opkansas.org,,https://www.opkansas.org/things-to-see-and-do/farmers-market/,https://www.facebook.com/DowntownOverlandParkFarmersMarket/,,,,,,"7950 Marty St., Overland Park , KS 66204",Kansas,Overland Park,7950 Marty St.,66204,-94.6700435729761,38.984933933541406,,
farmers market,"Mar 21st, 2023",default-farmersmarket-4-3.jpg,310381,Park Place Farmers' Market,,,farmersmarket@parkplaceleawood.com,,https://www.parkplacefarmersmarket.com/,https://www.facebook.com/PPVFarmersMarket,,,,,,"116th Place between Rosewood & Ash St, Leawood, KS 66211",Kansas,Leawood,116th Place between Rosewood & Ash St,66211,-94.64771003213139,38.91703998619553,,
farmers market,"Mar 21st, 2023",default-farmersmarket-4-3.jpg,310382,Parsons Farmers' Market,,,gsassenrath@hotmail.com,620-820-6131,,https://www.facebook.com/Parsons-Farmers-Market-390076924351813/,,,,,,"Corner of Heacock and Broadway, Parsons, KS 67357",Kansas,Parsons,Corner of Heacock and Broadway,67357,-95.25175004045094,37.33953999231548,,
farmers market,"Mar 21st, 2023",default-farmersmarket-4-3.jpg,310383,Phillips County Farmers Market,,,phillipscomarket@gmail.com,785-533-2627,,https://www.facebook.com/phillipscomarket,,,,,,"PO Box 508, Phillipsburg, KS 67661",Kansas,Phillipsburg,PO Box 508,67661,-99.32174499999996,39.754155000000026,,
farmers market,"Mar 21st, 2023",default-farmersmarket-4-3.jpg,310384,Pomona Farmers Market,,,aggkjg@gmail.com,785-214-9468,,https://www.facebook.com/PomonaFarmersMarket,,,,,,"409 W. Franklin St., POmona, KS 66067",Kansas,POmona,409 W. Franklin St.,66067,-95.45795801938371,38.60848592042584,,
farmers market,"Mar 21st, 2023",default-farmersmarket-4-3.jpg,310385,Public Library Monday Market,,,asktscpl@tscpl.org,785-580-4555,https://tscpl.org/events/monday-farmers-market,,,,,,,"1515 SW 10th Ave., Topeka, KS, 66604",Kansas,Topeka,1515 SW 10th Ave.,66604,-95.69591995808038,39.0511909765561,,
farmers market,"Mar 21st, 2023",default-farmersmarket-4-3.jpg,310386,Quinter Farmers Market,,,quinterfarmersmarket@gmail.com,785-299-0152,,https://www.facebook.com/quinterkansasfarmersmarket/,,,,,,"329 Main Street, Quinter, KS 67752",Kansas,Quinter,329 Main Street,67752,-100.23480570883771,39.06936753373171,,
farmers market,"Mar 21st, 2023",default-farmersmarket-4-3.jpg,310387,Reno County Farmers' Market,,,renocountyfarmersmarkethutch@gmail.com,,https://www.rcfmks.com/,https://www.facebook.com/renocountyfarmersmarket/,,,,,,"115 W 2nd Ave., Hutchinson, KS 67504",Kansas,Hutchinson,115 W 2nd Ave.,67504,-97.9338746288029,38.05472471297897,,
farmers market,"Mar 21st, 2023",default-farmersmarket-4-3.jpg,310388,Riverview Farm Market,,,,913-299-6184,,,,,,,,"7851 Riverview Kansas City, KS 66112",Kansas,KANSAS CITY,7851 RIVERVIEW AVE,66112,-94.7614805670352,39.101873090400275,,
farmers market,"Mar 21st, 2023",default-farmersmarket-4-3.jpg,310389,Salina Farmers' Market,,,matermanjohn@hotmail.com,785-493-5313,,https://www.facebook.com/SalinaFarmersMarket/,,,,,,"460 S Ohio, Waters True Value, Salina, KS 67401",Kansas,Salina,460 S Ohio,67401,-97.59401465737363,38.83487641758918,,
farmers market,"Mar 21st, 2023",default-farmersmarket-4-3.jpg,310390,Silver Lake Farmers Market,,,farmersmarket@silverlakelibrary.org,,https://silverlakelibrary.org/silver-lake-farmers-market/,https://www.facebook.com/SLFarmersMarket,,,,,,"203 Railroad Street, Silver Lake, KS 66539",Kansas,Silver Lake,203 Railroad Street,66539,-95.85956976339376,39.105562603396706,,
farmers market,"Mar 21st, 2023",default-farmersmarket-4-3.jpg,310391,Solomon Valley Farmers' Market,,,mastfile@gmail.com,785-738-0128,,https://www.facebook.com/SolomonValleyFarmersMarket,,,,,,"North Us Hwy 24, Beloit, KS 67420",Kansas,Beloit,North Us Hwy 24,67420,-98.10005375277896,39.47633131616045,,
farmers market,"Mar 21st, 2023",default-farmersmarket-4-3.jpg,310392,South Hutch Farmers' Market,,,kelsidepew@hotmail.com,620-664-8140,,https://www.facebook.com/southhutchfarmersmarket/,,,,,,"401 Main, South Hutchinson, KS 67505",Kansas,South Hutchinson,401 Main,67505,-97.94026272741038,38.02296269519591,,
farmers market,"Mar 21st, 2023",default-farmersmarket-4-3.jpg,310393,South Hutchinson Farmers Market,,,,,http://www.renocountyfpc.com/what-s-happenin--.html,http://www.facebook.com/southhutchfarmersmarket/,,,,,,"401 N. Main Streeet South Hutchinson, KS 67501 In the parking lot of Simply Overstock.",Kansas,HUTCHINSON,401 N MAIN ST,67501,-97.93185797455537,38.05734925217414,,
farmers market,"Mar 21st, 2023",default-farmersmarket-4-3.jpg,310394,Spring Hill Farmers Market,,,springhillksfarmersmarket@gmail.com,913-530-0712,,https://www.facebook.com/SpringHillFarmersMarketKS,,,,,,"406 W Nichols, Spring Hill, KS 66083",Kansas,Spring Hill,406 W Nichols,66083,-94.82988538544583,38.74373126357488,,
farmers market,"Mar 21st, 2023",default-farmersmarket-4-3.jpg,310395,Step Back In Time Food Market Llc,,,crosscreek6@yahoo.com,785-698-2330,,https://www.facebook.com/localfoodLuray,,,,,,"114 S. Main, Luray, KS 67649",Kansas,Luray,114 S. Main,67649,-98.69203082355457,39.11262966717645,,
farmers market,"Mar 21st, 2023",default-farmersmarket-4-3.jpg,310396,Summer Street Stroll Farmers Market,,,health@bartoncounty.org,620-793-1902,http://www.visitgreatbend.com,,,,,,,"1400 Main St., Great Bend, KS, 67530",Kansas,Great Bend,1400 Main St.,67530,-98.76513209719991,38.36555618678406,,
farmers market,"Mar 21st, 2023",default-farmersmarket-4-3.jpg,310397,T-Bones Market,,,,913-328-5681,,,,,,,,"1800 Village West Parkway Kansas City, KS 66111",Kansas,KANSAS CITY,1800 VILLAGE WEST PKWY,66111,-94.82873269015693,39.12501523986815,,
farmers market,"Mar 21st, 2023",default-farmersmarket-4-3.jpg,310398,Thomas County Farmers' Market,,,ThomasCountyFarmersMarket@yahoo.com,785-953-1149,,https://www.facebook.com/thomascountyfarmersmarket/,,,,,,"Fike Park, Colby, KS 67701",Kansas,Colby,Fike Park,67701,-101.04475697191744,39.3990454944715,,
farmers market,"Mar 21st, 2023",default-farmersmarket-4-3.jpg,310399,Tonganoxie Farmer's Market,,,nexttonaturefarm@gmail.com,785-491-1978,,https://www.facebook.com/groups/490655802120155,,,,,,"217 East 4th St., Tonganoxie, KS 66086",Kansas,Tonganoxie,217 East 4th St.,66086,-95.09122731810723,39.10925480687511,,
farmers market,"Mar 21st, 2023",default-farmersmarket-4-3.jpg,310400,Wabaunsee County Farmers' Market,,,explorewabaunsee@gmail.com,785-765-4655,,https://www.facebook.com/WabaunseeCountyFarmersMarket,,,,,,"East Third Street, Alma, KS 66401",Kansas,Alma,East Third Street,66401,-96.28748506944626,39.01281999378131,,
farmers market,"Mar 21st, 2023",default-farmersmarket-4-3.jpg,310401,Walnut Valley Farmers Market,,,cowleyfarmersmarketassociation@gmail.com,321-720-0875,,https://www.facebook.com/WalnutValleyFarmersMarket,,,,,,"200 Main St, Winfield , KS 67156",Kansas,Winfield,200 Main St,67156,-96.99735263346089,37.24788732968209,,
farmers market,"Mar 21st, 2023",default-farmersmarket-4-3.jpg,310402,Wellsville Farmers' Market,,,,913-744-1718,,https://www.facebook.com/WellsvilleFarmersMarket/,,,,,,"411 Main St., Wellsville, KS 66092",Kansas,Wellsville,411 Main St.,66092,-95.0819257302788,38.71916456641737,,
farmers market,"Mar 21st, 2023",default-farmersmarket-4-3.jpg,310403,Wichita County Farmers' Market,,,wced@wbsnet.org,620-375-2182,,,,,,,,"206 S. 4th St., Leoti, KS, 67861",Kansas,Leoti,206 S. 4th St.,67861,-101.35834495809019,38.480194457520795,,
farmers market,"Mar 21st, 2023",default-farmersmarket-4-3.jpg,310404,Winfield Farmers Market,,,,316-221-2966,,,,,,,,"900 Fuller Street 900 Fuller Street Winfield, KS 67156",Kansas,WINFIELD,900 FULLER ST,67156,-96.99329940657964,37.24029211691984,,
farmers market,"Mar 25th, 2021",default-farmersmarket-4-3.jpg,301480,Shawnee Farmers Market,,Royal Krueger,rkrueger@cityofshawnee.org,9132482360,www.cityofshawnee.org,www.facebook.com/cityofshawnee,,,,,,"11110 Johnson Drive, Shawnee, Kansas 66203",Kansas,Shawnee,11110 Johnson Drive,66203,-94.805322,39.017779,May to October,"Fresh fruits, Fresh vegetables, Baked goods, Bedding plants, Canned or preserved fruits/vegetables, Crafts/woodworking items, Cut flowers, Honey, Soap/body care products"
farmers market,"Mar 25th, 2021",default-farmersmarket-4-3.jpg,301481,Moonlight Market,,Royal Krueger,rkrueger@cityofshawnee.org,9132482360,www,,,,,,,"11110 Johnson Drive, Shawnee, Kansas 66203",Kansas,Shawnee,11110 Johnson Drive,66203,-94.805322,39.017779,May to October,"Fresh fruits, Fresh vegetables, Baked goods, Bedding plants, Canned or preserved fruits/vegetables, Crafts/woodworking items, Cut flowers, Dairy products., Eggs, Fresh/dried herbs, Honey, Juices/non-alcoholic ciders, Maple products, Mushrooms, Prepared foods, Soap/body care products"
farmers market,"May 29th, 2021",default-farmersmarket-4-3.jpg,301516,Paola Farmers Market,,Matthew Fineout,matt.fineout@discoverhistoricpaola.com,2022761618,paolafarmersmarket.org,facebook.com/paolafarmersmarket,,,,,,"Park Square, Paola , Kansas 66071",Kansas,Paola,Park Square,66071,-94.878291,38.572307,June to September,"Fresh fruits, Fresh vegetables, Baked goods, Bedding plants, Cut flowers, Eggs, Fresh/dried herbs, Honey, Poultry/fowl meat and products, Red/other non-poultry meat and products, Soap/body care products, Wild harvested forest products"
farmers market,"Sep 16th, 2020",default-farmersmarket-4-3.jpg,301338,Overbrook Farmers Market,,Jaimie Duguid Needham,OverbrookFarmersMarket@gmail.com,(785) 566-3565,https://www.fromthelandofkansas.com/market/overbrook-farmers-market,Overbrook Farmers Market,,,,,,"Maple & Market St, Overbrook, Kansas 66524",Kansas,Overbrook,Maple & Market St,66524,-95.556782,38.777419,July to September,"Fresh fruits, Fresh vegetables, Baked goods, Coffee/tea, Eggs, Honey"
on-farm market,"Apr 21st, 2015",default-onfarmmarket-4-3.jpg,701247,4K Ranch,,Teresa Penning,terespenning@gmail.com,785-541-0095,,,,,,,,"1692 18th Road, Washington, Kansas 66968",Kansas,Washington,1692 18th Road,66968,-97.068195,39.828054,,
on-farm market,"Aug 18th, 2021",default-onfarmmarket-4-3.jpg,701609,Brannan & Reinhardt Polled Herefords,,Kent Reinhardt,rhinos@gbta.net,17853871846,http://www.kansaspolledherefords.org/bandr/,,,,,,,"418 W DIEL ST, Otis, Kansas 67565",Kansas,Otis,418 W DIEL ST,67565,-99.195495,38.532400,,
on-farm market,"Aug 23rd, 2014",default-onfarmmarket-4-3.jpg,700898,Synergistic Acres Pasture Raised Meats,,Jeff Hamons,jeffhamons@gmail.com,9137354769,www.synergisticares.com,www.facebook.com/synergisticacres,,,,,http://www.synergisticacres.com/blog/,"21733 Iliff Rd, Parker , Kansas 66072",Kansas,Parker,21733 Iliff Rd,66072,-94.917233,38.341665,,
on-farm market,"Aug 24th, 2014",default-onfarmmarket-4-3.jpg,700918,Tubby Fruits Orchard,,Mark Angermayer,mark@tubbyfruits.com,913-851-7414,www.tubbyfruits.com,,,,,,,"6800 W 201st Terr, Bucyrus, Kansas 66013",Kansas,Bucyrus,6800 W 201st Terr,66013,-94.664151,38.7631410,,
on-farm market,"Aug 29th, 2014",default-onfarmmarket-4-3.jpg,700990,Meier's Market,,lenny meier jr,farmer325@aol.com,7852203335,,,,,,,,"2300 lower silver lake rd., topeka, Kansas 66618",Kansas,topeka,2300 lower silver lake rd.,66618,-95.692525,39.076619,,
on-farm market,"Feb 28th, 2018",default-onfarmmarket-4-3.jpg,701444,"WVFarm, LLC",,Sonja Wood,WVFarm@outlook.com,7852554445,Woodlandvalleyfarm.info,Woodlandvalleyfarm-Kansas,Twitter.com/wvfarm,,,,,"774 Stafford Road, Pomona, Kansas 66076",Kansas,Pomona,774 Stafford Road,66076,-95.439204,38.709147,,
on-farm market,"Jan 28th, 2018",default-onfarmmarket-4-3.jpg,701441,Fanska Farms,,Billy Fanska,billy.fanska@gmail.com,3163239326,www.FanskaFarms.com,https://www.facebook.com/FanskaFarms/,,,,,,"3873 NE 4th, El Dorado, Kansas 67042",Kansas,El Dorado,3873 NE 4th,67042,-96.769746,37.8297640,,
on-farm market,"Jul 26th, 2014",default-onfarmmarket-4-3.jpg,700318,Kalaya Emu Estates,,Betty Augustine,info@KalayaEmuEstate.com,620-327-4124,www.KalayaEmuEstate.com,,,,,,,"8 Bentgrass Dr., Hesston, Kansas 67062",Kansas,Hesston,8 Bentgrass Dr.,67062,-97.410670,38.1314260,,
on-farm market,"Jul 27th, 2014",default-onfarmmarket-4-3.jpg,700274,Underhill Farms,,Lynn Kaufman,lynn@underhillfarms.com,620-345-8415,,,,,,,,"187 21st Ave, Moundridge, Kansas 67107",Kansas,Moundridge,187 21st Ave,67107,-97.538240,38.2014760,,
on-farm market,"Jul 28th, 2014",default-onfarmmarket-4-3.jpg,700080,Boondocker Farms,,Steve Finley,info@boondockerfarms.com,316-350-7785,www.boondockerfarms.com,https://www.facebook.com/pages/Boondocker-Farms/213960995309803,,,,,,"4772 SW 60th Street, El Dorado, Kansas 67042",Kansas,El Dorado,4772 SW 60th Street,67042,-96.932121,37.738005,,
on-farm market,"Jul 28th, 2014",default-onfarmmarket-4-3.jpg,700161,Christy's Farm,,Christy O\'Neal,christy@christysfarm.org,785-477-2480,http://www.christysfarm.org/,https://www.facebook.com/Christy\'sFarm,,,,,http://christysfarm.org/christysfarmblog/,"3230 McDowell Creek Road, Manhattan, Kansas 66502",Kansas,Manhattan,3230 McDowell Creek Road,66502,-96.582717,39.123231,,
on-farm market,"Jul 2nd, 2021",default-onfarmmarket-4-3.jpg,701604,Maseualkualli Farms,,Pantaleon Florez III,maseualkuallifarms@gmail.com,785-221-8008,www.masefarm.org,,,,,,,"916 Pennsylvania St, Lawrence , Kansas 66044",Kansas,Lawrence,916 Pennsylvania St,66044,-95.229148,39.000706,,
on-farm market,"Mar 24th, 2015",default-onfarmmarket-4-3.jpg,701003,Parks Farm,,Darrell Parks,parkspasturepork@gmail.com,785-770-2835,,,,,,,,"1001 East 26th Ave., Manhattan, Kansas 66502",Kansas,Manhattan,1001 East 26th Ave.,66502,-96.492305,39.153204,,
on-farm market,"Nov 21st, 2014",default-onfarmmarket-4-3.jpg,701173,Meadowlark Acres,,Suzanne Frisse,sfrisse@kc.rr.com,9136815004,www.meadowlarkacres.com,https://www.facebook.com/pages/Meadowlark-Acres/298419166130?ref=hl,,,,,,"5830 West 167th Street, Stilwell, Kansas 66085",Kansas,Stilwell,5830 West 167th Street,66085,-94.653190,38.826238,,
on-farm market,"Oct 12th, 2014",default-onfarmmarket-4-3.jpg,701135,B Smart Apiaries,,Billy Y. Smart,bsmart3762@gmail.com,6207829638,,,,,,,,"3762 51st Rd., Udall, Kansas 67146",Kansas,Udall,3762 51st Rd.,67146,-97.060063,37.437208,,
on-farm market,"Sep 16th, 2014",default-onfarmmarket-4-3.jpg,700101,"Meadowlark Farm, LLC",,Tom Brown,tom@themeadowlarkfarm.com,316-518-8907,www.themeadowlarkfarm.com,https://www.facebook.com/meadowlarkfarm,,,,,,"11249 SW 160th St, Rose Hill, Kansas 67133",Kansas,Rose Hill,11249 SW 160th St,67133,-97.044939,37.591739,,
on-farm market,"Sep 16th, 2014",default-onfarmmarket-4-3.jpg,701078,Camp Creek Farms,,Rick Newson,rwn45@embarqmail.com,913-884-6374,,www.facebook.com/campcreekfarms,,,,,,"29050 W 127th Street, Olathe , Kansas 66061",Kansas,Olathe,29050 W 127th Street,66061,-94.922090,38.9001530,,
on-farm market,"Sep 24th, 2014",default-onfarmmarket-4-3.jpg,701094,Skyview Farm and Creamery,,Sheri Noffke,GodsAcre@ckt.net,913-352-8727,skyviewfarm.net,Skyview Farm,,,,,,"22722 E 800 Rd, Pleasanton, Kansas 66075",Kansas,Pleasanton,22722 E 800 Rd,66075,-94.681721,38.140017,,
