Type,ModifyDate,Image,ListingID,Name,Description,ContactName,ContactEmail,ContactPhone,Website,Facebook,Twitter,Instagram,Pinterest,Youtube,Blog,Address,State,City,Street,Zip,Longitude,Latitude,Dates,Products
farmers market,"Apr 22nd, 2020",default-farmersmarket-4-3.jpg,301085,WNC Farmers Market,,Doug Sutton,doug.sutton@ncagr.gov,8282531691,https://www.ncagr.gov/markets/facilities/markets/asheville/,https://www.facebook.com/WncFarmersMarket/,,,,,,"570 Brevard Road, Asheville, NC  28806, Asheville, North Carolina 28806",North Carolina,Asheville,570 Brevard Road,28806,-82.598648,35.555133,January,"Fresh fruits, Fresh vegetables, Baked goods, Bedding plants, Canned or preserved fruits/vegetables, Coffee/tea, Crafts/woodworking items, Cut flowers, Dairy products., Dry beans, Eggs, Fish/seafood, Fresh/dried herbs, Grains/flour, Honey, Juices/non-alcoholic ciders, Maple products, Mushrooms, Nursery stock, Nuts, Pet food, Poultry/fowl meat and products, Prepared foods, Red/other non-poultry meat and products, Soap/body care products, Tofu/non-animal protein, Wild harvested forest products, Wine, spirits, beer, hard cider"
farmers market,"Aug 1st, 2022",farmersmarket_301744_14236_20220801180142.png,301744,Matthews Community Farmers' Market,"Open Year Round, Saturday Mornings, Rain or Shine. We are the largest, most diverse producer-only farmers' market in the greater Charlotte area. All market products, except fish, are grown, raised or made within 50 miles of Matthews.​ You'll find freshly harvested produce, naturally-raised meats, local honey, plants, artisan foods and hand-crafted items. We are a 501(c)3 non profit. We proudly accept SNAP/EBT and match dollars up to $50!",,matthewsfarmersmarket@gmail.com,,https://linktr.ee/MatthewsFarmersMarket,https://www.facebook.com/MatthewsFarmersMarket/,https://twitter.com/Matthews_Market,https://www.instagram.com/matthewsfarmersmarket/,https://www.pinterest.com/matthewsfarmersmarket/,,,"188 North Trade Street, Matthews, NC, USA",North Carolina,Matthews,188 North Trade Street,28105,-80.7215283,35.116444,04/09/2022 to 11/19/2022,"Fresh fruits, Fresh vegetables, Baked goods, Bedding plants, Canned or preserved fruits/vegetables, Coffee/tea, Crafts/woodworking items, Cut flowers, Dairy products., Eggs, Fish/seafood, Fresh/dried herbs, Grains/flour, Honey, Juices/non-alcoholic ciders, Mushrooms, Nursery stock (trees), Nuts, Poultry/fowl meat and products, Prepared foods, Red/other non-poultry meat and products, Soap/body care products, Wild harvested forest products"
farmers market,"Aug 3rd, 2020",default-farmersmarket-4-3.jpg,300325,Olde Beaufort Farmers' Market,,Cindy W. Bunch,oldebeaufortfarmersmarket@gmail.com,2525648822,oldebeaufortfarmersmarket.org,www.facebook.com/oldebeaufortfarmersmarket,@BeaufortFarmers,,,,,"300 Courthouse Square, Beaufort, North Carolina 28516",North Carolina,Beaufort,300 Courthouse Square,28516,-76.663201,34.719572,April,"Fresh fruits, Fresh vegetables, Baked goods, Bedding plants, Canned or preserved fruits/vegetables, Coffee/tea, Crafts/woodworking items, Cut flowers, Dairy products., Dry beans, Eggs, Fish/seafood, Fresh/dried herbs, Honey, Mushrooms, Nuts, Pet food, Poultry/fowl meat and products, Prepared foods, Red/other non-poultry meat and products, Soap/body care products, Wine, spirits, beer, hard cider"
farmers market,"Aug 3rd, 2020",default-farmersmarket-4-3.jpg,300504,Wilkes County Farmers' Market,,Garrett Griffin,tourism@north-wilkesboro.com,3366677129,www.downtownnorthwilkesboro.com,https://www.facebook.com/wilkescountyfarmersmarket/,,,,,,"842 CBD Loop, North Wilkesboro, North Carolina 28659",North Carolina,North Wilkesboro,842 CBD Loop,28659,-81.145200,36.159075,April to October,"Fresh fruits, Fresh vegetables, Baked goods, Bedding plants, Canned or preserved fruits/vegetables, Coffee/tea, Crafts/woodworking items, Dairy products., Eggs, Fresh/dried herbs, Honey, Poultry/fowl meat and products, Prepared foods, Red/other non-poultry meat and products, Soap/body care products"
farmers market,"Aug 3rd, 2020",default-farmersmarket-4-3.jpg,300588,Hammond's Grandson's Produce,,Kenneth Stewart,hammomndsproduce@hotmail.com,910-273-5699,,hammondsgrandsonsproduce,,,,,,"7165 Ramsey Street, Fayetteville , North Carolina 28310",North Carolina,Fayetteville,7165 Ramsey Street,28310,-78.853162,35.1865196,Year-round,"Fresh fruits, Fresh vegetables, Baked goods"
farmers market,"Dec 30th, 2020",default-farmersmarket-4-3.jpg,301363,The Corner Farmers Market,,Kathy Newsom,kathy@cornermarketgso.com,3365586924,www.cornermarketgso.com,https://www.facebook.com/walkerelamcornermarket/,,,,https://youtube.com/c/Walkerelammarket,,"2200 Walker Avenue, Greensboro, North Carolina 27403",North Carolina,Greensboro,2200 Walker Avenue,27403,-79.828293,36.069019,Year-round,"Fresh fruits, Fresh vegetables, Baked goods, Bedding plants, Canned or preserved fruits/vegetables, Coffee/tea, Crafts/woodworking items, Cut flowers, Dairy products., Dry beans, Eggs, Fresh/dried herbs, Grains/flour, Honey, Juices/non-alcoholic ciders, Maple products, Mushrooms, Nursery stock, Pet food, Poultry/fowl meat and products, Red/other non-poultry meat and products, Soap/body care products, Tofu/non-animal protein, Wild harvested forest products"
farmers market,"Feb 1st, 2021",default-farmersmarket-4-3.jpg,300803,Onslow County Farmers Market,,Marie Bowman,onslowmarketmanager@gmail.com,9104555873,https://www.onslowcountyfarmersmarket.com/,https://www.facebook.com/OnslowCountyFarmersMarket/,https://twitter.com/OnslowCoFarmer,,,,,"4024 RIchlands Hwy, Jacksonville, North Carolina 28540",North Carolina,Jacksonville,4024 RIchlands Hwy,28540,-77.493260,34.782418,April to December,"Fresh fruits, Fresh vegetables, Baked goods, Bedding plants, Canned or preserved fruits/vegetables, Coffee/tea, Honey, Poultry/fowl meat and products, Prepared foods, Red/other non-poultry meat and products, Soap/body care products"
farmers market,"Jan 11th, 2021",default-farmersmarket-4-3.jpg,301350,The 'Whee Market,,Curt Collins,cullowheemarket@gmail.com,8284760334,thewheemarket.org,https://www.facebook.com/WheeMarket/?view_public_for=461052543905947,,,,,,"113 Market Street, Cullowhee , North Carolina 28723",North Carolina,Cullowhee,113 Market Street,28723,-83.185690,35.301188,Year-round,"Fresh fruits, Fresh vegetables, Baked goods, Bedding plants, Canned or preserved fruits/vegetables, Coffee/tea, Crafts/woodworking items, Cut flowers, Dairy products., Eggs, Fresh/dried herbs, Honey, Juices/non-alcoholic ciders, Mushrooms, Nursery stock, Pet food, Poultry/fowl meat and products, Red/other non-poultry meat and products, Soap/body care products, Wild harvested forest products, Wine, spirits, beer, hard cider"
farmers market,"Jan 12th, 2021",default-farmersmarket-4-3.jpg,301374,Carrboro Farmers' Market,,Maggie Funkhouser,manager@carrborofarmersmarket.com,9192803326,www.carrborofarmersmarket.com,https://www.facebook.com/carrborofarmersmarket,,,,,,"301 W Main St, Carrboro, North Carolina 27510",North Carolina,Carrboro,301 W Main St,27510,-79.077607,35.910781,January to March,"Fresh fruits, Fresh vegetables, Baked goods, Canned or preserved fruits/vegetables, Coffee/tea, Crafts/woodworking items, Cut flowers, Dairy products., Eggs, Fresh/dried herbs, Grains/flour, Honey, Mushrooms, Nursery stock, Nuts, Poultry/fowl meat and products, Prepared foods, Red/other non-poultry meat and products, Soap/body care products, Wine, spirits, beer, hard cider"
farmers market,"Jan 13th, 2021",default-farmersmarket-4-3.jpg,300091,Nash County Farmers Market in Rocky Mount,,Maurine Brown,Mmbrow24@ncsu.edu,252-904-3250,nash.ces.ncsu.edu,Nash County Farmers Market in Rocky Mount,,,,,,"1006 Peachtree St., Rocky Mount, North Carolina 27804",North Carolina,Rocky Mount,1006 Peachtree St.,27804,-77.802729,35.955256,April to December,"Fresh fruits, Fresh vegetables, Baked goods, Bedding plants, Canned or preserved fruits/vegetables, Dairy products., Eggs, Fresh/dried herbs, Grains/flour, Honey, Maple products, Nursery stock, Nuts, Poultry/fowl meat and products, Prepared foods, Red/other non-poultry meat and products, Soap/body care products, Wild harvested forest products"
farmers market,"Jan 13th, 2021",default-farmersmarket-4-3.jpg,300550,Vance County Regional Farmers Market,,Tracy Madigan,farmersmarket@vancecounty.org,252-598-0814,vancecounty.org,Vance County Regional Farmers Market,Vance County Regional Farmers Market,,,,,"210 Southpark Dr., Henderson, North Carolina 27536",North Carolina,Henderson,210 Southpark Dr.,27536,-78.424401,36.3378971,April to May,"Fresh fruits, Fresh vegetables, Baked goods, Bedding plants, Canned or preserved fruits/vegetables, Crafts/woodworking items, Cut flowers, Eggs, Fresh/dried herbs, Honey, Juices/non-alcoholic ciders, Mushrooms, Nuts, Pet food, Prepared foods, Red/other non-poultry meat and products, Soap/body care products"
farmers market,"Jan 17th, 2021",default-farmersmarket-4-3.jpg,300317,King Farmers' Market,,Deb Fox,kingfarmersmarket@zoho.com,336-618-1086,www.kingfarmersmarket.com,www.facebook.com/KingFarmersMarket,https://twitter.com/KingFarmersMkt,,,,,"105 Moore Road, King , North Carolina 27021",North Carolina,King,105 Moore Road,27021,-80.341178,36.276367,May to September,"Fresh fruits, Fresh vegetables, Baked goods, Bedding plants, Canned or preserved fruits/vegetables, Crafts/woodworking items, Cut flowers, Eggs, Fresh/dried herbs, Honey, Nursery stock, Poultry/fowl meat and products, Red/other non-poultry meat and products, Soap/body care products, Wild harvested forest products"
farmers market,"Jan 26th, 2021",default-farmersmarket-4-3.jpg,300248,Catawba County Public Health Farmers Market,,Jessica Cook,jcook@catawbacountync.gov,8286955861,http://www.catawbacountync.gov/phealth/Adult/FarmersMarket.asp,https://www.facebook.com/catawbacountypublichealth,,,,,,"3070 11th Ave Dr. SE, Hickory, North Carolina 28602",North Carolina,Hickory,3070 11th Ave Dr. SE,28602,-81.269507,35.712066,June to September,"Fresh fruits, Fresh vegetables, Canned or preserved fruits/vegetables, Cut flowers, Eggs, Fresh/dried herbs, Honey"
farmers market,"Jan 4th, 2021",default-farmersmarket-4-3.jpg,301082,Cedar Point Farmers Market,,Mary Miller,themarket1046@gmail.com,9103307937,,The Market at Cedar Point,,,,,,"1046 Cedar Point Blvd., Cedar Point, North Carolina 28584",North Carolina,Cedar Point,1046 Cedar Point Blvd.,28584,-77.083526,34.682610,Year-round,"Fresh fruits, Fresh vegetables, Baked goods, Bedding plants, Canned or preserved fruits/vegetables, Coffee/tea, Crafts/woodworking items, Cut flowers, Dairy products., Dry beans, Eggs, Fish/seafood, Fresh/dried herbs, Grains/flour, Honey, Juices/non-alcoholic ciders, Maple products, Mushrooms, Poultry/fowl meat and products, Prepared foods, Red/other non-poultry meat and products, Soap/body care products, Wild harvested forest products"
farmers market,"Jan 5th, 2021",default-farmersmarket-4-3.jpg,300047,Uptown Greenville Umbrella Market,,Robin Ashley,robin@uptowngreenville.com,252-561-8400,http://uptowngreenville.com/play/umbrella-market/,https://www.facebook.com/uptownumbrellamarket/,https://twitter.com/Umbrella_Market,,,,,"Fifth Street and Evans Street, Greenville, North Carolina 27858",North Carolina,Greenville,Fifth Street and Evans Street,27858,-77.373338,35.611005,May to August,"Fresh fruits, Fresh vegetables, Baked goods, Canned or preserved fruits/vegetables, Coffee/tea, Crafts/woodworking items, Cut flowers, Eggs, Fresh/dried herbs, Honey, Juices/non-alcoholic ciders, Pet food, Poultry/fowl meat and products, Prepared foods, Red/other non-poultry meat and products, Soap/body care products, Wine, spirits, beer, hard cider"
farmers market,"Jan 5th, 2021",default-farmersmarket-4-3.jpg,300450,Edenton Farmers Market,,Tracy Phillips-Berk,edentonfarmersmarket@gmail.com,252-394-6107,www.edentonfarmersmarket.com,https://www.facebook.com/edentonfarmersmarket/,,,,,,"200 North Broad St, Edenton, North Carolina 27932",North Carolina,Edenton,200 North Broad St,27932,-76.607401,36.062086,Year-round,"Fresh fruits, Fresh vegetables, Baked goods, Bedding plants, Canned or preserved fruits/vegetables, Coffee/tea, Crafts/woodworking items, Cut flowers, Dairy products., Eggs, Fish/seafood, Fresh/dried herbs, Honey, Mushrooms, Nuts, Poultry/fowl meat and products, Prepared foods, Red/other non-poultry meat and products, Soap/body care products"
farmers market,"Jul 24th, 2020",default-farmersmarket-4-3.jpg,301165,Rosa Parks Farmers Market,,Vivian Y. Stuart,rpfmcac2015@gmail.com,704-900-7959,,Friends of the Rosa Parks Farmers Market Community Advisory Council,,,,,,"2020 Beatties Ford Road, Charlotte , North Carolina 28216",North Carolina,Charlotte,2020 Beatties Ford Road,28216,-80.854493,35.262802,June to September,"Fresh fruits, Fresh vegetables, Coffee/tea, Fresh/dried herbs"
farmers market,"Jul 28th, 2021",default-farmersmarket-4-3.jpg,301581,The Wilmington Farmers Market,,Julie Svenson,thewilmingtonfarmersmarket@gmail.com,9106220793,www.thewilmingtonfarmersmarket@gmail.com,https://www.facebook.com/thewilmingtonfarmersmarket/,,,,,,"5329 Oleander Dr, Wilmington, North Carolina 28403",North Carolina,Wilmington,5329 Oleander Dr,28403,-77.860425,34.208950,Year-round,"Fresh fruits, Fresh vegetables, Baked goods, Bedding plants, Cut flowers, Dairy products., Eggs, Fish/seafood, Fresh/dried herbs, Honey, Mushrooms, Poultry/fowl meat and products, Red/other non-poultry meat and products, Wild harvested forest products"
farmers market,"Jul 30th, 2021",default-farmersmarket-4-3.jpg,301584,Fuquay-Varina Growers Market,,Dana Orr,growersmarketfv@gmail.com,9196240049,https://www.fvgrowersmarket.com/,https://www.facebook.com/fvgrowersmarket,https://twitter.com/FVGrowersMarket,,,,,"121 N Main St., Fuquay-Varina, North Carolina 27526",North Carolina,Fuquay-Varina,121 N Main St.,27526,-78.800147,35.585512,April to September,"Fresh fruits, Fresh vegetables, Baked goods, Canned or preserved fruits/vegetables, Crafts/woodworking items, Cut flowers, Dry beans, Eggs, Fresh/dried herbs, Honey, Nuts, Poultry/fowl meat and products, Prepared foods, Soap/body care products"
farmers market,"Jun 15th, 2022",default-farmersmarket-4-3.jpg,300596,Holly Springs Farmers Market,"We are a North Carolina producer/grower market committed to providing local food almost every Saturday year-round. We offer fresh seasonal produce year-round as well as free range eggs, pasture-raised meats, local honey, NC seafood, goat cheese, breads and other baked goods, sauces, condiments, coffee, preserves, confections, beer, wine, prepared foods and much more!",Jessica Stygles,hsfarmersmarket@hollyspringsnc.gov,9195674010,http://www.HSFarmersMarket.com,https://www.facebook.com/hsfarmersmarket/,https://twitter.com/HSFarmersMarket,https://www.instagram.com/holly_springs_farmers_market/,http://www.pinterest.com/FarmersMarketHS,,,"300 West Ballentine Street, Holly Springs, North Carolina 27540",North Carolina,Holly Springs,300 West Ballentine Street,27540,-78.836190,35.650573,November to April,"Fresh fruits, Fresh vegetables, Baked goods, Bedding plants, Canned or preserved fruits/vegetables, Coffee/tea, Crafts/woodworking items, Cut flowers, Dairy products., Eggs, Fish/seafood, Fresh/dried herbs, Honey, Juices/non-alcoholic ciders, Maple products, Mushrooms, Nursery stock, Nuts, Pet food, Poultry/fowl meat and products, Prepared foods, Red/other non-poultry meat and products, Soap/body care products, Wine, spirits, beer, hard cider"
farmers market,"Mar 17th, 2022",farmersmarket_5819_14057_20220317190355.png,5819,The Chapel Hill Farmers' Market,"Chapel Hill Farmers’ Market was started in April 2008 by Farmers of Orange, a state non-profit organization created for local farmers by local farmers.  All of our farmers and artisans live within 60 miles of Chapel Hill, NC and bring fresh quality produce, value-added farm products, and crafts to market year-round. 
The market is vendor run and operated by our market manager.  Every dollar spent goes directly to our farmers and vendors.  All items are grown, fished, or created by our farmers and artisans. ",Kate Underhill,farmersoforange@gmail.com,9195339496,https://www.thechapelhillfarmersmarket.com/,https://www.facebook.com/TheChapelHillFarmersMarket?ref=hl,https://twitter.com/chfarmersmarket,https://www.instagram.com/chfarmersmarket/,,,,"201 South Estes Drive, Chapel Hill, NC, USA",North Carolina,Chapel Hill,201 South Estes Drive,27514,-79.026717,35.927587,04/02/2022 to 11/19/2022,"Fresh fruits, Fresh vegetables, Baked goods, Bedding plants, Canned or preserved fruits/vegetables, Cut flowers, Eggs, Fresh/dried herbs, Honey, Mushrooms, Nursery stock (trees), Poultry/fowl meat and products, Prepared foods, Red/other non-poultry meat and products, Wild harvested forest products, Wine, spirits, beer, hard cider"
farmers market,"Mar 27th, 2023",default-farmersmarket-4-3.jpg,311258,Serenbe Farmers Market,,,,,http://serenbefarmersmarket.com,http://www.facebook.com/serenbefarms,,,,,,"201 South Estes Drive, Chapel Hill, NC, USA",North Carolina,CHATTAHOOCHEE HILLS,9110 SELBORNE WAY,30268,-79.02788279976612,35.926340309931064,,
farmers market,"Mar 27th, 2023",default-farmersmarket-4-3.jpg,311435,Alleghany Farmers' Market,,,crosscreekfarm@hotmail.com,336-372-5597,http://alleghanyfarmersmarket.org/,https://www.facebook.com/Alleghany-Farmers-Market-102331033194610/timeline/,,,,,,"185 E. Whitehead St., Sparta, NC, 28675",North Carolina,Sparta,185 E. Whitehead St.,28675,-81.11892185819828,36.50678051564227,,
farmers market,"Mar 27th, 2023",default-farmersmarket-4-3.jpg,311436,Apex Farmers Market,,,,,http://www.apexfarmersmarket.com,http://www.facebook.com/apexfarmersmarket,,,,,,"220 N. Salem Street Apex, NC 27502",North Carolina,APEX,220 N SALEM ST,27502,-78.85057526573287,35.732155364297114,,
farmers market,"Mar 27th, 2023",default-farmersmarket-4-3.jpg,311437,Archdale Farmers' Market,,,jmoon@archdale-nc.gov,336-434-7314,,https://www.facebook.com/archdalefarmmarket,,,,,,"100 Park Dr., Archdale, NC, 27263",North Carolina,Archdale,100 Park Dr.,27263,-79.935445135753,35.89213616858472,,
farmers market,"Mar 27th, 2023",default-farmersmarket-4-3.jpg,311438,Archer Lodge Farmers' Market,,,farmersmarket@townofarcherlodge.com,,http://www.thearcherlodgefarmersmarket.com/,https://www.facebook.com/archerlodgefarmersmarket,,,,,,"14000 Buffalo Rd., Clayton, NC, 27527",North Carolina,Clayton,14000 Buffalo Rd.,27527,-78.37820100102573,35.69802124750547,,
farmers market,"Mar 27th, 2023",default-farmersmarket-4-3.jpg,311439,Asheboro Downtown Farmers' Market,,,,336-626-1240,http://www.ci.asheboro.nc.us/recreation/farmersmarket.html,,,,,,,"134 S. Church St., Asheboro, NC, 27203",North Carolina,Asheboro,134 S. Church St.,27203,-79.81698673094861,35.705360438305405,,
farmers market,"Mar 27th, 2023",default-farmersmarket-4-3.jpg,311440,Atherton Mill and Market,,,,704-779-6476,http://www.athertonmillandmarket.com/,https://www.facebook.com/athertonmillandmarket,,,,,,"2104 South Blvd., Charlotte, NC, 28203",North Carolina,Charlotte,2104 South Blvd.,28203,-80.86027174958308,35.2079299659051,,
farmers market,"Mar 27th, 2023",default-farmersmarket-4-3.jpg,311441,Avery County Farmers' Market,,,info@averycountyfarmersmarket.net,,http://www.averycountyfarmersmarket.net/,https://www.facebook.com/averycountyfarmersmarket,,,,,,"155 Orchard Ln., Banner Elk, NC, 28604",North Carolina,Banner Elk,155 Orchard Ln.,28604,-81.85924210922887,36.14852825812606,,
farmers market,"Mar 27th, 2023",default-farmersmarket-4-3.jpg,311442,Bakersville Farmers' Market,,,npandck@aol.com,704-819-0729,http://www.bakersville.com/mainstreetfarmersmarket/,https://www.facebook.com/BakersvilleMainStreetFarmersMarket,,,,,,"175 Crimson Laurel Way, Bakersville, NC, 28705",North Carolina,Bakersville,175 Crimson Laurel Way,28705,-82.15614478350788,36.01351565920146,,
farmers market,"Mar 27th, 2023",default-farmersmarket-4-3.jpg,311443,Bakersville Main Street Farmer's Market,,,,704-819-0729,http://www.bakersville.com/mainstreetfarmersmarket/index.html,,,,,,,"143 Crimson Laurel Way Bakersville, NC 28705",North Carolina,BAKERSVILLE,143 CRIMSON LAUREL WAY,28705,-82.15643050612566,36.01373477403024,,
farmers market,"Mar 27th, 2023",default-farmersmarket-4-3.jpg,311444,Big Ivy Tailgate Market,,,,828-626-3101,,,,,,,,"1679 Barnardsville Hwy., Barnardsville, NC, 28709",North Carolina,Barnardsville,1679 Barnardsville Hwy.,28709,-82.45649683959674,35.777809146309835,,
farmers market,"Mar 27th, 2023",default-farmersmarket-4-3.jpg,311445,Black Mountain Tailgate Market,,,blackmountainmarket@gmail.com,828-242-2578,http://blackmountainmarket.org/,https://www.facebook.com/BMTMarket/,,,,,,"130 Montreat Rd., Behind the First Baptist Church, Black Mountain, NC, 28711",North Carolina,Black Mountain,130 Montreat Rd.,28711,-82.32210161121483,35.62035031635466,,
farmers market,"Mar 27th, 2023",default-farmersmarket-4-3.jpg,311446,Black River Farmers' Market,,,,910-448-2889,,https://www.facebook.com/blackriverfarmersmarket,,,,,,"100 Chruch St., Atkinson, NC, 28421",North Carolina,Atkinson,100 Chruch St.,28421,-78.17062286863252,34.52799389755589,,
farmers market,"Mar 27th, 2023",default-farmersmarket-4-3.jpg,311447,Blowing Rock Farmers' Market,,,,828-295-7851,http://www.blowingrock.com/farmersmarket/,,,,,,,"132 Park Ave., Blowing Rock, NC, 28605",North Carolina,Blowing Rock,132 Park Ave.,28605,-81.67867210496557,36.13395118449961,,
farmers market,"Mar 27th, 2023",default-farmersmarket-4-3.jpg,311448,Burke Farmers Market,,,,828-439-4460,,,,,,,,"5936 Rock Falls Road Morganton, NC 28655",North Carolina,MORGANTON,5936 ROCK FALLS RD,28655,-81.57562333653101,35.646594017515525,,
farmers market,"Mar 27th, 2023",default-farmersmarket-4-3.jpg,311449,Burlington Downtown Farmers Market,,,rketmanager@farmersfeedingfolks.com,336-270-9793,http://www.farmersfeedingfolks.org,,,,,,,"268 East Front Street, Burlington, NC 27216",North Carolina,Burlington,268 East Front Street,27216,-79.43533878807544,36.09235630857942,,
farmers market,"Mar 27th, 2023",default-farmersmarket-4-3.jpg,311450,Burlington Farmers Market,,,burlingtonfarmersmarket@aacre.com,919-357-3194,,,,,,,,"2389 Corporation Parkway, Burlington, NC 27215",North Carolina,Burlington,2389 Corporation Parkway,27215,-79.43575113928668,36.06688759240174,,
farmers market,"Mar 27th, 2023",default-farmersmarket-4-3.jpg,311451,Cabin Branch Farm Market,,,,919-494-2346,http://www.cabinbranchfarm.vpweb.com,,,,,,,"104 S. Main Street Franklinton, NC 27525",North Carolina,FRANKLINTON,106 MAIN ST,27525,-78.4562024457489,36.10464255196,,
farmers market,"Mar 27th, 2023",default-farmersmarket-4-3.jpg,311452,Campus Farmers Market at NCSU,,,,859-552-3467,http://www.campusfarmersmkt.wordpress.com,,,,,,,"2205 Hillsborough Street Raleigh, NC 27607",North Carolina,RALEIGH,2205 HILLSBOROUGH ST,27607,-78.66424940040389,35.786710478592596,,
farmers market,"Mar 27th, 2023",default-farmersmarket-4-3.jpg,311453,Cape Fear Farmers' Market of Bladen...,,,,910-862-4591,http://www.elizabethtownnc.org/index.asp?Type=B_LOC&SEC={53CE41C7-A000-4E67-8FDA-E7163ACB4175},https://www.facebook.com/pages/Cape-Fear-Farmers-Market-of-Bladen-County/369244423970,,,,,,"106 Martin Luther King Dr., Elizabethtown, NC, 28337",North Carolina,Elizabethtown,106 Martin Luther King Dr.,28337,-78.60743218015196,34.62919993681859,,
farmers market,"Mar 27th, 2023",default-farmersmarket-4-3.jpg,311454,Carolina Brewery Farmer's Market,,,,919-545-2330,,,,,,,,"120 Lowes Dr. Pittsboro, NC 27312",North Carolina,PITTSBORO,120 LOWES DR,27312,-79.16595247248328,35.7445695681161,,
farmers market,"Mar 27th, 2023",default-farmersmarket-4-3.jpg,311455,Cary Downtown Farmers Market,,,,,http://caryfarmersmarket.com,http://www.facebook.com/CaryDowntownFarmersMarket?ref=hl,,,,,,"135 W. Chatham St. Cary, NC 27511",North Carolina,CARY,135 W CHATHAM ST,27511,-78.78247152507663,35.78724074668652,,
farmers market,"Mar 27th, 2023",default-farmersmarket-4-3.jpg,311456,Caswell Farmers Market,,,,434-251-5236,http://www.CaswellLocalFoods.org,http://www.facebook.com/CaswellLocalFoods,,,,,,"4807 NC Hwy 57 N Semora, NC 27343 Turn beside the car wash and park in the rear.",North Carolina,SEMORA,4807 STATE HWY 57 N,27343,-79.15261088002923,36.49906374403531,,
farmers market,"Mar 27th, 2023",default-farmersmarket-4-3.jpg,311457,Cedar Valley Farmers' Market,,,doylescedarhill@gmail.com,828-837-3400,http://www.doylescedarhill.com/cedar-valley-farmers-market/,https://www.facebook.com/MurphyNCFarmersMarket/,,,,,,"925 Andrews Rd., Murphy, NC, 28906",North Carolina,Murphy,925 Andrews Rd.,28906,-84.01979763004489,35.10138090442224,,
farmers market,"Mar 27th, 2023",default-farmersmarket-4-3.jpg,311458,Chapel Hill Farmers Market,,,farmersoforange@gmail.com,,http://www.thechapelhillfarmersmarket.com/,,,,,,,"201 South Estes Dr., Chapel Hill, NC 27514",North Carolina,Chapel Hill,201 South Estes Dr.,27514,-79.02788279976612,35.926340309931064,,
farmers market,"Mar 27th, 2023",default-farmersmarket-4-3.jpg,311459,Charlotte Tailgate Farmers Market,,,,,http://charlottetailgatemarket.com,,,,,,,"100 West Park Ave. Charlotte, NC 28203",North Carolina,CHARLOTTE,100 W PARK AVE,28203,-80.85709133482236,35.21476678473739,,
farmers market,"Mar 27th, 2023",default-farmersmarket-4-3.jpg,311460,Chatham Mills Farmers Market,,,,,http://chathammillsfarmersmarket.com,,,,,,,"480 Hillsboro St Pittsboro, NC 27312",North Carolina,PITTSBORO,480 HILLSBORO ST,27312,-79.1765096147105,35.72697046764269,,
farmers market,"Mar 27th, 2023",default-farmersmarket-4-3.jpg,311461,Cherryville Farmers Market,,,,704-435-3451,http://cityofcherryville.com,http://www.facebook.com/cherryville.fm/,,,,,,"220 E. Main Street Cherryville, NC 28021 The market is located in the parking lot of the Chamber of Commerce Parking is available at the market and on Main Street.",North Carolina,CHERRYVILLE,220 E MAIN ST,28021,-81.37838544941816,35.37929766486956,,
farmers market,"Mar 27th, 2023",default-farmersmarket-4-3.jpg,311462,Claremont Tailgate Market,,,,,http://www.cityofclaremont.org/pview.aspx?id=12421&catid=632,,,,,,,"3288 E. Main St., Claremont City Hall parking lot, Claremont, NC, 28610",North Carolina,Claremont,3288 E. Main St.,28610,-81.14565987369545,35.715403784382644,,
farmers market,"Mar 27th, 2023",default-farmersmarket-4-3.jpg,311463,Clayton Farm and Community Market,,,info@cfcmnc.org,919-612-3139,http://www.clayton-farmers-market.org,https://www.facebook.com/CFCMNC/,,,,,,"348 E. Main St., Horne Square, Clayton, NC, 27520",North Carolina,Clayton,348 E. Main St.,27520,-78.45716234521319,35.65101837228917,,
farmers market,"Mar 27th, 2023",default-farmersmarket-4-3.jpg,311464,Conover Farmers' Market,,,marketmanager@conoverfarmersmarket.org,828-234-7075,http://conoverfarmersmarket.wix.com/cfm1,https://www.facebook.com/ConoverFarmersMarket/,,,,,,"109 1st St. E., Conover, NC, 28613",North Carolina,Conover,109 1st St. E.,28613,-81.21835288737292,35.70634441117953,,
farmers market,"Mar 27th, 2023",default-farmersmarket-4-3.jpg,311465,Crossroads Regional Farmers' Market,,,,,http://crossroadsregionalfarmersmarket.com,,,,,,,"1551 East Broad Street Statesville, NC 28625",North Carolina,STATESVILLE,1551 E BROAD ST,28625,-80.85973462029203,35.79096774547183,,
farmers market,"Mar 27th, 2023",default-farmersmarket-4-3.jpg,311466,Deans Farm Market,,,,,http://www.deansfarmmarket.com,,,,,,,"4231 NC Hwy 42 West Wilson , NC 27893",North Carolina,WILSON,4231 STATE HWY 42 W,27893,-77.98980258296496,35.718110287742185,,
farmers market,"Mar 27th, 2023",default-farmersmarket-4-3.jpg,311467,Denton Farmers' Market,,,,336-859-4231,http://www.townofdenton.com/index.cfm?id=58289&fuseaction=browse&pageid=60,,,,,,,"28 W. Salisbury St., Denton, NC, 27239",North Carolina,Denton,28 W. Salisbury St.,27239,-80.11462681750979,35.6334825915391,,
farmers market,"Mar 27th, 2023",default-farmersmarket-4-3.jpg,311468,Dobson Farmers' Market,,,localfoodfarmersmarket@gmail.com,,http://www.dobson-nc.com/Visitors/FestivalsEvents.aspx,https://www.facebook.com/Surry-County-Farmers-Market-596405117037988,,,,,,"114 W. Atkins St., Square in Downtown Dobson, Dobson, NC, 27017",North Carolina,Dobson,114 W. Atkins St.,27017,-80.72277068177864,36.39557844397218,,
farmers market,"Mar 27th, 2023",default-farmersmarket-4-3.jpg,311469,Downtown Asheboro's Farmers' Market,,,,336-626-1240,http://www.asheboroparksandrecreation.com,,,,,,,"134 S. Church Street Asheboro, NC 27205",North Carolina,ASHEBORO,134 S CHURCH ST,27203,-79.81698673094861,35.705360438305405,,
farmers market,"Mar 27th, 2023",default-farmersmarket-4-3.jpg,311470,Downtown Farmers' Market Reidsville,,,,336-349-1099,http://www.ci.reidsville.nc.us/planning_a_visit/market_square/farmers_market.php,https://www.facebook.com/Downtown-Farmers-Market-Reidsville-126627827415871/timeline/,,,,,,"303 S. Scales St., Market Square, Reidsville, NC, 27320",North Carolina,Reidsville,303 S. Scales St.,27320,-79.6642820411274,36.35871346554782,,
farmers market,"Mar 27th, 2023",default-farmersmarket-4-3.jpg,311471,Downtown Hickory Farmers' Market,,,hickoryncfarmersmarket@gmail.com,828-308-6508,http://www.hickoryfarmersmarket.com/,https://www.facebook.com/DowntownHickoryFarmersMarket,,,,,,"220 Union Square NW, Hickory, NC, 28601",North Carolina,Hickory,220 Union Square NW,28601,-81.3403159947929,35.732013101791395,,
farmers market,"Mar 27th, 2023",default-farmersmarket-4-3.jpg,311472,Eden St. Market,,,,704-562-7052,http://edenstmarket.webs.com,,,,,,,"106 Eden St. Davidson, NC 28036",North Carolina,DAVIDSON,106 EDEN ST,28036,-80.84973982997401,35.50029879598069,,
farmers market,"Mar 27th, 2023",default-farmersmarket-4-3.jpg,311473,Efland Farmers Market,,,,,http://www.eflandruritanclub.com,,,,,,,"3106 Highway 70 West Efland, NC 27243",North Carolina,EFLAND,3106 US HWY 70,27243,-79.16044382701605,36.08155622401836,,
farmers market,"Mar 27th, 2023",default-farmersmarket-4-3.jpg,311474,Elkin Farmers Market,,,,336-835-9857,,,,,,,,"226 North Bridge Street Elkin, NC 28621",North Carolina,ELKIN,226 N BRIDGE ST,28621,-80.85113906596582,36.2458021475827,,
farmers market,"Mar 27th, 2023",default-farmersmarket-4-3.jpg,311475,Enka-Candler Tailgate Market,,,,828-365-8797,,http://www.facebook.com/enkacandlertailgatemarket,,,,,,"1465 Sand Hill Rd Candler, NC 28715 Small Business Center parking lot at A-B Tech Enka campus, across from Ingles at Smokey Park Hwy.",North Carolina,CANDLER,1465 SAND HILL RD,28715,-82.65688932176721,35.54219413657453,,
farmers market,"Mar 27th, 2023",default-farmersmarket-4-3.jpg,311476,Eno River Farmers Market,,,,,http://www.enoriverfarmersmarket.com,http://www.facebook.com/pages/Eno-River-Farmers-Market-in-Downtown-Hillsborough/10120318,,,,,,"144 East Margaret Lane (Farmers Market Pavilion) Hillsborough, NC 27278",North Carolina,HILLSBOROUGH,144 E MARGARET LN,27278,-79.09731035958605,36.07454334895629,,
farmers market,"Mar 27th, 2023",default-farmersmarket-4-3.jpg,311477,Erwin Farmers Market,,,,910-890-3970,,,,,,,,"101 13th St. Erwin, NC 28339",North Carolina,ERWIN,101 N 13TH ST,28339,-78.67601206276818,35.327994722213916,,
farmers market,"Mar 27th, 2023",default-farmersmarket-4-3.jpg,311478,Faison Farmers' Market,,,,,http://www.fignc.org,,,,,,,"503 West Main Street Faison, NC 28341",North Carolina,FAISON,503 W MAIN ST,28341,-78.13994684428766,35.11634248557257,,
farmers market,"Mar 27th, 2023",default-farmersmarket-4-3.jpg,311479,Farmers Market at Center United Methodist Church,,,,828-695-6683,,,,,,,,"4945 Sherrills Ford Road Catawba, NC 28609",North Carolina,CATAWBA,4945 SHERRILLS FORD RD,28609,-81.08172738186423,35.66049989391356,,
farmers market,"Mar 27th, 2023",default-farmersmarket-4-3.jpg,311480,Farmers Market at the Wallace Depot,,,,910-285-3521,,,,,,,,"206 SW Railroad Street Wallace Depot Wallace, NC 28466",North Carolina,WALLACE,206 NW RAILROAD ST,28466,-77.99679179158687,34.736235308740405,,
farmers market,"Mar 27th, 2023",default-farmersmarket-4-3.jpg,311481,Farmington Farmers Market,,,,336-998-2912,http://www.farmingtoncc.org,,,,,,,"1723 Farmington Rd Mocksville, NC 27028",North Carolina,MOCKSVILLE,1723 FARMINGTON RD,27028,-80.53186823978399,36.009593596269994,,
farmers market,"Mar 27th, 2023",default-farmersmarket-4-3.jpg,311482,Fayetteville Farmers' Market,,,fayfarmersmarketassoc@gmail.com,910-868-4233,,https://www.facebook.com/TheFayettevilleFarmersMarket,,,,,,"205 Forsythe St., at The Restore Warehouse, Fayetteville, NC, 28302",North Carolina,Fayetteville,205 Forsythe St.,28302,-78.92017156814667,35.044610574549615,,
farmers market,"Mar 27th, 2023",default-farmersmarket-4-3.jpg,311483,Flat Rock Tailgate Market,,,flatrockfarmersmarket@gmail.com,845-430-8003,http://flatrockfarmersmarket.com/,https://www.facebook.com/flatrockfarmersmarket,,,,,,"2748 Greenville Hwy., Flat Rock, NC, 28731",North Carolina,Flat Rock,2748 Greenville Hwy.,28731,-82.44099659787092,35.27015048483924,,
farmers market,"Mar 27th, 2023",default-farmersmarket-4-3.jpg,311484,Foothills Farmers Market,,,,704-482-4365,http://www.foothillsfarmersmarket.com,,,,,,,"126 W Marion Street Shelby, NC 28150 Intersection of Marion and Morgan Street in Uptown Shelby.",North Carolina,SHELBY,126 W MARION ST,28150,-81.54186888655907,35.29201987694391,,
farmers market,"Mar 27th, 2023",default-farmersmarket-4-3.jpg,311485,Foothills Farmers' Market Kings Mountain,,,,704-473-1625,http://www.foothillsfarmersmarket.com/,http://www.facebook.com/foothillsfarmersmarketkingsmountain,,,,,,"118 Railroad Avenue Kings Mountain, NC 28086",North Carolina,KINGS MOUNTAIN,118 S RAILROAD AVE,28086,-81.3448826528172,35.240522540558956,,
farmers market,"Mar 27th, 2023",default-farmersmarket-4-3.jpg,311486,Franklin County Local Farmers Market,,,,919-496-3344,,,,,,,,"129 Shannon Village Shopping Center (located in the Parking Lot) Louisburg, NC 27549 New hours: Tuesday 9am-unitl sold out Friday 8:30am-until sold out Saturday 8am-until sold out",North Carolina,CENTERVILLE,129 SHANNON VILLAGE,27549,-78.29512136800224,36.095902167576014,,
farmers market,"Mar 27th, 2023",default-farmersmarket-4-3.jpg,311487,French Broad Co-op Wednesday Tailgate Market,,,tailgate@frenchbroadfood.coop,828-255-7650,http://www.frenchbroadfood.coop/movement-center/wednesday-farmers-market/,https://www.facebook.com/French-Broad-Food-Co-op-Wednesday-Tailgate-Market-155698901169392/timeline/,,,,,,"76 Billtmore Ave., Asheville, NC, 28748",North Carolina,Asheville,76 Billtmore Ave.,28748,-82.55091732861234,35.59229411631196,,
farmers market,"Mar 27th, 2023",default-farmersmarket-4-3.jpg,311488,Gates County Farmers' Market,,,gatescountyfarmersmarket@yahoo.com,,,https://www.facebook.com/Gates-County-Farmers-Market-114466725307185,,,,,,"788 NC 37 N., Gates, NC, 27937",North Carolina,Gates,788 NC 37 N.,27937,-76.76816180998834,36.491129631390706,,
farmers market,"Mar 27th, 2023",default-farmersmarket-4-3.jpg,311489,Get Right Farmers Market,,,,252-258-0644,http://www.getrightfarmersmarket.com,http://www.facebook.com/getrightfarmersmarket@gmail.com,,,,,,"3487 Old River Road Greenville, NC 27834 Between Old RIver Road and Stokes Road",North Carolina,GREENVILLE,3487 OLD RIVER RD,27834,-77.45177476082759,35.675216761285284,,
farmers market,"Mar 27th, 2023",default-farmersmarket-4-3.jpg,311490,Greensboro Farmers Curb Market,,,,336-373-2402,http://www.gsofarmersmarket.org,,,,,,,"501 Yanceyville Street Greensboro, NC 27405",North Carolina,GREENSBORO,501 YAEYVILLE ST,27405,-79.77823839857437,36.07831105557211,,
farmers market,"Mar 27th, 2023",default-farmersmarket-4-3.jpg,311491,Greenworks Farmers Market,,,,,,,,,,,,"6114 Old Goldmine Rd Marshville, NC 28103",North Carolina,MARSHVILLE,6114 OLD GOLDMINE RD,28103,-80.3443930838699,35.05397127974022,,
farmers market,"Mar 27th, 2023",default-farmersmarket-4-3.jpg,311492,Growers Market of Fuquay-Varina,,,,919-552-0848,http://www.Growers-Market.org,,,,,,,"102 N. Main St. Fuquay-Varina, NC 27526",North Carolina,FUQUAY VARINA,102 S MAIN ST,27526,-78.79980494380506,35.58401485088546,,
farmers market,"Mar 27th, 2023",default-farmersmarket-4-3.jpg,311493,Guilford Farmers Market,,,,910-685-4478,,,,,,,,"1416 West Northwood Street Greensboro, NC 27401",North Carolina,GREENSBORO,1416 W NORTHWOOD ST,27408,-79.80940181795374,36.09079876086699,,
farmers market,"Mar 27th, 2023",default-farmersmarket-4-3.jpg,311494,Hayesville Evening Market,,,charlie@southernappalachianfamilyfarms.com,828-389-8931,http://hayesvilleeveningmarket.com/,,,,,,,"21 Main St., Hayesville, NC, 28904",North Carolina,Hayesville,21 Main St.,28904,-83.8182232967426,35.04591029762083,,
farmers market,"Mar 27th, 2023",default-farmersmarket-4-3.jpg,311495,Haywood's Historic Farmers Market,,,,,http://www.waynesvillefarmersmarket.com,http://www.facebook.com/Haywoodshistoricfarmersmarket,,,,,,"250 Pigeon Street (Hwy 276S)/HART Theater Parking Lot Waynesville, NC 28786 Just 3 blocks from downtown Waynesville on Hwy 276S/Pigeon Street. We are located in the parking lot of HART Theater and She",North Carolina,WAYNESVILLE,250 PIGEON ST,28786,-82.98559962279933,35.48618657689304,,
farmers market,"Mar 27th, 2023",default-farmersmarket-4-3.jpg,311496,Healthy Harvest Farmer's Market,,,,704-210-5201,,,,,,,,"612 Mocksville Avenue Salisbury, NC 28144",North Carolina,SALISBURY,612 MOCKSVILLE AVE,28144,-80.47143569768234,35.68197378838154,,
farmers market,"Mar 27th, 2023",default-farmersmarket-4-3.jpg,311497,Henderson County Tailgate Market,,,,828-697-1153,,https://www.facebook.com/hendersoncountytailgatemarket,,,,,,"100 N. King St., Hendersonville, NC, 28739",North Carolina,Hendersonville,100 N. King St.,28739,-82.45846713606761,35.3145464015709,,
farmers market,"Mar 27th, 2023",default-farmersmarket-4-3.jpg,311498,Hildebran Farmers' Market,,,farmersmarket@hildebrannc.org,828-397-5801,http://www.hildebranfarmersmarket.com/,https://www.facebook.com/Hildebran-Farmers-Market-214228828676166/timeline/,,,,,,"202 S. Center St., Hildebran, NC, 28637",North Carolina,Hildebran,202 S. Center St.,28637,-81.42324112974931,35.713326325734606,,
farmers market,"Mar 27th, 2023",default-farmersmarket-4-3.jpg,311499,Historic Marion Tailgate Market,,,lougodfrey@frontier.com,828-652-2215,http://www.marionnc.org/farmers.php,https://www.facebook.com/Marion-Tailgate-Market-230886653656751/timeline/,,,,,,"67 W. Henderson St., Marion, NC, 28752",North Carolina,Marion,67 W. Henderson St.,28752,-82.0116027809251,35.680224397893426,,
farmers market,"Mar 27th, 2023",default-farmersmarket-4-3.jpg,311500,Huntersville Market,,,,704-766-2253,http://www.huntersville.org,,,,,,,"103 Maxwell Street Huntersville, NC 28078",North Carolina,HUNTERSVILLE,103 MAXWELL ST,28078,-80.84150941178106,35.411382764605904,,
farmers market,"Mar 27th, 2023",default-farmersmarket-4-3.jpg,311501,Jones County Farmers Market,,,,252-448-9111,http://jonescountyfarmersmarket.wordpress.com,,,,,,,"140 W Jones Street Trenton, NC 28585",North Carolina,TRENTON,140 JONES ST,28585,-77.35263355129183,35.06326199944871,,
farmers market,"Mar 27th, 2023",default-farmersmarket-4-3.jpg,311502,Joseph Community Farmers' Market,,,genesis457cdc@gmail.com,252-633-1624,,,,,,,,"2305 Neuse Blvd., New Bern, NC, 28560",North Carolina,New Bern,2305 Neuse Blvd.,28560,-77.07246827093446,35.11532236918837,,
farmers market,"Mar 27th, 2023",default-farmersmarket-4-3.jpg,311503,Kernersville Farmers Market,,,,336-993-2202,http://kernersvillefarmersmarket.com,http://www.facebook.com/kernersvillefarmersmarket,,,,,,"134 East Mountain Street Kernersville, NC 27284",North Carolina,KERNERSVILLE,134 E MOUNTAIN ST,27284,-80.07275990918664,36.11960438922494,,
farmers market,"Mar 27th, 2023",default-farmersmarket-4-3.jpg,311504,Kernsville Farmers' Market,,,,336-993-2202,http://www.kernersvillefarmersmarket.com/,https://www.facebook.com/KernersvilleFarmersMarket,,,,,,"134 E. Mountain St., Kernersville, NC, 27284",North Carolina,Kernersville,134 E. Mountain St.,27284,-80.07275990918664,36.11960438922494,,
farmers market,"Mar 27th, 2023",default-farmersmarket-4-3.jpg,311505,Kings Drive Farmers' Market,,,,704-332-6366,,https://www.facebook.com/simpsonsproduce,,,,,,"938 S. Kings Dr., Charlotte, NC, 28207",North Carolina,Charlotte,938 S. Kings Dr.,28207,-80.83610145879105,35.205767953670616,,
farmers market,"Mar 27th, 2023",default-farmersmarket-4-3.jpg,311506,Krankies Farmers Market,,,,336-723-7189,,http://www.facebook.com/pages/Krankies-Farmers-Market/104499149584866,,,,,,"211 E. Third Street Winston-Salem, NC 27101",North Carolina,WINSTON SALEM,211 E 3RD ST,27101,-80.2411600691705,36.098139269927984,,
farmers market,"Mar 27th, 2023",default-farmersmarket-4-3.jpg,311507,Kure Beach Farmers Market,,,kurebeachmarket@gmail.com,910-431-8122,http://townofkurebeach.org/OFPP-activities-events.aspx,https://www.facebook.com/KureBeachMarket,,,,,,"105 Atlantic Ave., Kure Beach, NC, 28449",North Carolina,Kure Beach,105 Atlantic Ave.,28449,-77.90584290729515,33.998270092425415,,
farmers market,"Mar 27th, 2023",default-farmersmarket-4-3.jpg,311508,L.A. Reynolds Farmers Market,,,,336-945-3776,,,,,,,,"4400 Styers Ferry Road Winston-Salem, NC 27104",North Carolina,WINSTON SALEM,4400 STYERS FERRY RD,27104,-80.37759777693599,36.09269279458298,,
farmers market,"Mar 27th, 2023",default-farmersmarket-4-3.jpg,311509,Lenoir County Farmers' Market,,,patrica_jenkins@ncsu.edu,,http://www.lenoir.ces.ncsu.edu/site-lenoir-lenoir-county-farmers-market,https://www.facebook.com/Lenoir-County-Farmers-Market-118613218175715,,,,,,"100 N. Herritage St., Kinston, NC, 28501",North Carolina,Kinston,100 N. Herritage St.,28501,-77.582879053729,35.26017184537949,,
farmers market,"Mar 27th, 2023",default-farmersmarket-4-3.jpg,311510,Lenoir Downtown Farmers Market,,,,828-728-8877,http://www.lenoirdowntownfarmersmarket.com,http://www.facebook.com/LenoirDowntownFarmersMarket,,,,,,"1001 Harper Ave NW Lenoir, NC 28645",North Carolina,LENOIR,1001 HARPER AVE NW,28645,-81.54081878288241,35.913178755521294,,
farmers market,"Mar 27th, 2023",default-farmersmarket-4-3.jpg,311511,Leroy James Farmers Market,,,,252-355-7612,http://www.pittcountync.gov/599/Farmers-Market,http://www.facebook.com/leroyjamesfarmersmarket,,,,,,"4560 County Home Road Greenville, NC 27858",North Carolina,GREENVILLE,4560 COUNTY HOME RD,27858,-77.35095309797997,35.548832251351364,,
farmers market,"Mar 27th, 2023",default-farmersmarket-4-3.jpg,311512,Lincoln County Farmers' Market,,,leigh_guth@ncsu.edu,704-736-8461,http://www.lincolncountyfarmersmarket.com/,https://www.facebook.com/Lincoln-County-Farmers-Market-105312274050,,,,,,"225 W. Water St., Lincolnton, NC, 28092",North Carolina,Lincolnton,225 W. Water St.,28092,-81.25854862672823,35.47005688875146,,
farmers market,"Mar 27th, 2023",default-farmersmarket-4-3.jpg,311513,Marion Tailgate Market,,,,828-652-2215,,http://www.facebook.com/MarionTailgateMarket,,,,,,"67 West Henderson Street Marion, NC 28752",North Carolina,MARION,67 W HENDERSON ST,28752,-82.0116027809251,35.680224397893426,,
farmers market,"Mar 27th, 2023",default-farmersmarket-4-3.jpg,311514,Market Square Farmers Market,,,,336-349-1099,http://Reidsvillenc.gov,http://www.facebook.com/MarketSquareFarmersMarket,,,,,,"304 S Scales St Reidsville , NC 27320 Located Downtown Reidsville NC",North Carolina,REIDSVILLE,304 S SCALES ST,27320,-79.66429744643128,36.358692532075686,,
farmers market,"Mar 27th, 2023",default-farmersmarket-4-3.jpg,311515,Meeting Street Farmers Market at Morriosn Plantation,,,,704-201-4966,http://meetingstreetmarket.com,,,,,,,"115 Plantation Ridge Drive Mooresville, NC 28117",North Carolina,MOORESVILLE,115 PLANTATION RIDGE DR,28117,-80.87488912510315,35.58841245172719,,
farmers market,"Mar 27th, 2023",default-farmersmarket-4-3.jpg,311516,Meeting Street Market at Elon Park Elementary School,,,,704-287-6181,,http://www.facebook.com/meetingstreetmarket,,,,,,"11425 Ardrey Kell Rd. - Elon Park Elementary School Charlotte, NC 28277",North Carolina,CHARLOTTE,11425 ARDREY KELL RD,28277,-80.84555647443423,35.022490757676444,,
farmers market,"Mar 27th, 2023",default-farmersmarket-4-3.jpg,311517,Meeting Street Markets,,,,704-714-3088,http://www.meetingstreetmarket.com/Welcome/Welcome.html,,,,,,,"252 Williamson Rd Mooresville, NC 28117",North Carolina,MOORESVILLE,252 WILLIAMSON RD,28117,-80.87386399830325,35.584824321213766,,
farmers market,"Mar 27th, 2023",default-farmersmarket-4-3.jpg,311518,Midtown Farmers Market,,,,,http://midtownfarmers.com/,http://www.facebook.com/MidtownFarmers/,,,,,,"4150 Main at North Hills Street Raleigh, NC 27609 North Hills Main District, off Six Forks Road, just north of the beltline - I-440.",North Carolina,RALEIGH,4150 MAIN AT NORTH HILLS ST,27609,-78.64315967449518,35.836791387817165,,
farmers market,"Mar 27th, 2023",default-farmersmarket-4-3.jpg,311519,Mills River Farmers' Market,,,,,,https://www.facebook.com/Mills-River-Farmers-Market-111947272161081,,,,,,"5046 Boylston Hwy., Mills River, NC, 28759",North Carolina,Mills River,5046 Boylston Hwy.,28759,-82.57188131727827,35.38221354879777,,
farmers market,"Mar 27th, 2023",default-farmersmarket-4-3.jpg,311520,Mint Hill Farmers Market,,,,704-573-0726,http://www.minthillhistory.com/market.htm,,,,,,,"7601 Matthews Mint Hill Road Mint Hill, NC 28227",North Carolina,MINT HILL,7601 MATTHEWS- RD,28227,-80.65189169901242,35.17702338163593,,
farmers market,"Mar 27th, 2023",default-farmersmarket-4-3.jpg,311521,Mocksville Farmers' Market,,,,336-671-0553,http://mocksvillenc.org/farmers-market/,,,,,,,"171 S. Clement St., Mocksville Town Hall Parking Lot, Mocksville, NC, 27028",North Carolina,Mocksville,171 S. Clement St.,27028,-80.56284307694294,35.893377189684145,,
farmers market,"Mar 27th, 2023",default-farmersmarket-4-3.jpg,311522,Montgomery County Farmers' Market,,,mcfma2011@gmail.com,910-576-6011,,https://www.facebook.com/MoCoFMA,,,,,,"417 N. Main St., Troy, NC, 27371",North Carolina,Troy,417 N. Main St.,27371,-79.89485250838678,35.36253910569212,,
farmers market,"Mar 27th, 2023",default-farmersmarket-4-3.jpg,311523,Moore County Farmers Market,,,sswebster@mindspring.com,910-947-3752,,,,,,,,"170 Memorial Drive, Pinehurst, NC 28374",North Carolina,Pinehurst,170 Memorial Drive,28374,-79.4584391583596,35.20618962344225,,
farmers market,"Mar 27th, 2023",default-farmersmarket-4-3.jpg,311524,Morehead City Curb Market,,,,252-222-6359,,,,,,,,"1300 Evans St Morehead City, NC 28557",North Carolina,MOREHEAD CITY,1300 EVANS ST,28557,-76.71995618720071,34.72096471880645,,
farmers market,"Mar 27th, 2023",default-farmersmarket-4-3.jpg,311525,Murchison Road Community Farmers Market,,,,910-672-2413,http://www.beconnected-nc.org,http://www.facebook.com/pages/Murchison-Road-Community-Farmers-Market/290115577833859,,,,,,"1047 Murchison Road Fayetteville, NC 28301",North Carolina,FAYETTEVILLE,1047 MURCHISON RD,28301,-78.8923718017884,35.06901268593671,,
farmers market,"Mar 27th, 2023",default-farmersmarket-4-3.jpg,311526,New Bern Craven County Area Farmers Market Inc.,,,,252-637-0043,http://newbernfarmersmarket.org,,,,,,,"421 South Front Street New Bern, NC 28560",North Carolina,NEW BERN,421 S FRONT ST,28560,-77.04065978988322,35.10502617471496,,
farmers market,"Mar 27th, 2023",default-farmersmarket-4-3.jpg,311527,Newell Farmers Market,,,,704-614-2363,http://newellfarmersmarket.com,http://www.facebook.com/newellfarmersmarket,,,,,,"1704 Rocky River Rd Charlotte, NC 28213",North Carolina,CHARLOTTE,1704 ROCKY RIVER RD,28213,-80.73424493198276,35.279027766397405,,
farmers market,"Mar 27th, 2023",default-farmersmarket-4-3.jpg,311528,Oak Island Farmers' and Artisans' Market,,,,,http://oakisland.recdesk.com/recdeskportal/Parks/FarmersMarket/tabid/8055/Default.aspx,,,,,,,"4601 E. Oak Island Dr., Soccer Fields behind Town Hall, Oak Island, NC, 28465",North Carolina,Oak Island,4601 E. Oak Island Dr.,28465,-78.116528644683,33.913518249422665,,
farmers market,"Mar 27th, 2023",default-farmersmarket-4-3.jpg,311529,Oakley Farmers' Market,,,oakleyfarmersmarket@gmail.com,828-407-0188,https://oakleyfarmersmarket.wordpress.com/,https://www.facebook.com/OakleyFarmersMarket/,,,,,,"607 Fairview Rd., Oakley United Methodist Church parking lot, Asheville, NC, 28803",North Carolina,Asheville,607 Fairview Rd.,28803,-82.51853213781335,35.56550586909218,,
farmers market,"Mar 27th, 2023",default-farmersmarket-4-3.jpg,311530,OBX Farmers' Market,,,kpierceobx@gmail.com,252-480-5779,,https://www.facebook.com/obxfarmersmarket,,,,,,"2424 S. Croatan Hwy., Nags Head, NC, 27959",North Carolina,Nags Head,2424 S. Croatan Hwy.,27959,-75.64528505524675,35.986849819628276,,
farmers market,"Mar 27th, 2023",default-farmersmarket-4-3.jpg,311531,Oriental Farmers Market,,,,252-249-3534,,,,,,,,"310 Hodges St. Oriental, NC 28571",North Carolina,ORIENTAL,310 HODGES ST,28571,-76.69496876124956,35.02494443556189,,
farmers market,"Mar 27th, 2023",default-farmersmarket-4-3.jpg,311532,Peachtree Farmers Market,,,,,http://davie.ces.ncsu.edu,http://www.facebook.com/peachtreefarmersmarket,,,,,,"111 Peachtree Lane Bermuda Run, NC 27006",North Carolina,BERMUDA RUN,111 PEACHTREE LN,27006,-80.44000372718172,36.0033925890275,,
farmers market,"Mar 27th, 2023",default-farmersmarket-4-3.jpg,311533,Pickles Farmers Market,,,,,http://www.picklesfarmersmarket.com,,,,,,,"136 E. 36th Street charlotte, NC 28206",North Carolina,CHARLOTTE,136 E 36TH ST,28206,-80.80750939421826,35.251753239053926,,
farmers market,"Mar 27th, 2023",default-farmersmarket-4-3.jpg,311534,Piedmont Farmers Market/Concord,,,,704-920-3310,http://www.piedmont-farmersmarket.com,,,,,,,"518 Winecoff School Road Concord, NC 28027",North Carolina,CONCORD,518 WINECOFF SCHOOL RD,28027,-80.62299005997437,35.445420110290385,,
farmers market,"Mar 27th, 2023",default-farmersmarket-4-3.jpg,311535,Piedmont Farmer's Market/Harrisburg,,,,704-920-3310,http://www.piedmont-farmersmarket.com,,,,,,,"6960 Robinson Church Road Harrisburg, NC 28075",North Carolina,HARRISBURG,6960 ROBINSON CHURCH RD,28075,-80.65324447825685,35.318115831893,,
farmers market,"Mar 27th, 2023",default-farmersmarket-4-3.jpg,311536,Pitt County Farmers' Market,,,Email not found,252-355-7612,http://www.ncfarmfresh.com/FarmMarketDisplay.asp?FarmID=1515,https://www.facebook.com/pages/Pitt-County-Farmers-Market-by-the-vendors/172125872937592,,,,,,"4560 County Home Rd., Greenville, NC, 27858",North Carolina,Greenville,4560 County Home Rd.,27858,-77.35095309797997,35.548832251351364,,
farmers market,"Mar 27th, 2023",default-farmersmarket-4-3.jpg,311537,Pleasant Garden Farmers' Market,,,,,http://www.pleasantgarden.net/market_details.htm,,,,,,,"4920 Alliance Church Rd., Behind Town Hall, Pleasant Garden, NC, 27313",North Carolina,Pleasant Garden,4920 Alliance Church Rd.,27313,-79.75335377378714,35.9753916682176,,
farmers market,"Mar 27th, 2023",default-farmersmarket-4-3.jpg,311538,Red Barn Market,,,redbarn158@gmail.com,252-398-4142,http://www.redbarnmarketnc.com/,https://www.facebook.com/redbarnmarketnc,,,,,,"13858 US-158, Murfreesboro, NC, 27855",North Carolina,Murfreesboro,13858 US-158,27855,-77.14576781146015,36.437902881296274,,
farmers market,"Mar 27th, 2023",default-farmersmarket-4-3.jpg,311539,Reedy Fork Farmer's Market,,,,336-669-5083,,,,,,,,"3600 Reedy Fork Parkway Greensboro, NC 27405 Corner of Reedy Fork Parkway and Eckerson Road, at the sales office.",North Carolina,GREENSBORO,3600 REEDY FORK PKWY,27405,-79.70925248551183,36.1713428169793,,
farmers market,"Mar 27th, 2023",default-farmersmarket-4-3.jpg,311540,Riverfront Farmers Market,,,,,http://www.riverfrontfarmersmarket.org,http://www.facebook.com/riverfrontfarmersmarket/,,,,,,"721 Surry St Wilmington, NC 28401 Temporary location at Waterline Brewing Company. Lots of free street parking available.",North Carolina,WILMINGTON,721 SURREY ST,28401,-77.94893273802855,34.22610392808748,,
farmers market,"Mar 27th, 2023",default-farmersmarket-4-3.jpg,311541,Rutherford County Farmers' Market,,,rutherfordcofarmersmarket@gmail.com,828-287-6010,http://rutherfordcountync.gov/farmersmarket,https://www.facebook.com/pages/Farmers-Market-of-Rutherford-County/123560904398572,,,,,,"172 Depot St., Forest City, NC, 28043",North Carolina,Forest City,172 Depot St.,28043,-81.86515843612709,35.33113345811601,,
farmers market,"Mar 27th, 2023",default-farmersmarket-4-3.jpg,311542,Salisbury Farmer's Market,,,,704-216-8970,http://salisburyfarmersmarket.com,,,,,,,"300 South Main Street Salisbury, NC 28144",North Carolina,SALISBURY,300 S MAIN ST,28144,-80.47223499091585,35.665571643175234,,
farmers market,"Mar 27th, 2023",default-farmersmarket-4-3.jpg,311543,Salisbury Rowan Farmers Market,,,,980-643-8863,http://salisburyfarmersmarket.com,http://www.facebook.com/salisburyfarmersmarket,,,,,,"115 S. Jackson St. Salisbury, NC 28144 Join us at our location across from the Rowan Public Library! There's plenty of parking in the adjoining lot (towards Wells Fargo).",North Carolina,SALISBURY,115 S JACKSON ST,28144,-80.47224866184942,35.66903319851567,,
farmers market,"Mar 27th, 2023",default-farmersmarket-4-3.jpg,311544,Sampson Farmers Market,,,,910-299-4904,http://www.cityofclintonnc.com/sampson-market.html,http://www.facebook.com/downtownclinton,,,,,,"215 Lisbon Street Clinton, NC 28328",North Carolina,CLINTON,215 LISBON ST,28328,-78.32288971961084,34.99778835365208,,
farmers market,"Mar 27th, 2023",default-farmersmarket-4-3.jpg,311545,Sandhills Farmers Market,,,,,http://sandhillsfarmersmarket.com,http://www.facebook.com/SFGMarket,,,,,,"1 Village Green Rd West Pinehurst, NC 28374",North Carolina,PINEHURST,1 VILLAGE GREEN RD W,28374,-79.46889205791311,35.19489402495936,,
farmers market,"Mar 27th, 2023",default-farmersmarket-4-3.jpg,311546,Sandhills Farmers Market of Spring Lake,,,,910-436-3406,http://www.sandhillsfamilyheritage.org,,,,,,,"230 Chapel Hill Road Spring Lake, NC 28314",North Carolina,SPRING LAKE,230 CHAPEL HILL RD,28390,-78.97920543153795,35.18359504621333,,
farmers market,"Mar 27th, 2023",default-farmersmarket-4-3.jpg,311547,Shacktown Farmers' Market,,,,336-961-3035,http://www.ShacktownNC.com,,,,,,,"2816 Shacktown Road Yadkinville, NC 27055",North Carolina,YADKINVILLE,2816 SHACKTOWN RD,27055,-80.58747364298723,36.11630924319987,,
farmers market,"Mar 27th, 2023",default-farmersmarket-4-3.jpg,311548,Shallotte Farmers' Market,,,rjohnson@townofshallotte.org,910-754-4032,http://shallottenc.com/shallotte-farmers-market-extending-season-local-produce-healthy-events-free/,https://www.facebook.com/pages/Shallotte-Farmers-Market/352337464841,,,,,,"4950 Main St., Riverside Park, Shallotte, NC, 28470",North Carolina,Shallotte,4950 Main St.,28470,-78.3894316049378,33.97024258226785,,
farmers market,"Mar 27th, 2023",default-farmersmarket-4-3.jpg,311549,Siler City Farmers Market,,,,919-742-5442,http://silercityfarmersmarket.com/,,,,,,,"118 W. 2nd St., Siler City, NC 27344",North Carolina,Siler City,118 W. 2nd St.,27344,-79.46419354787312,35.723672413794446,,
farmers market,"Mar 27th, 2023",default-farmersmarket-4-3.jpg,311550,Smithfield Farmers Market,,,,919-934-2148,http://www.smithfield-nc.com/farmersmarket/,,,,,,,"350 E. Market Street Smithfield, NC 27577",North Carolina,SMITHFIELD,350 E MARKET ST,27577,-78.34526246223913,35.51089225348608,,
farmers market,"Mar 27th, 2023",default-farmersmarket-4-3.jpg,311551,South Durham Farmers Market,,,nager@southdurhamfarmersmarket.org,919-525-3037,http://www.southdurhamfarmersmarket.org/,,,,,,,"5410 NC Highway 55, Durham, NC 27713",North Carolina,Durham,5410 NC Highway 55,27713,-78.89618550829704,35.89041047452993,,
farmers market,"Mar 27th, 2023",default-farmersmarket-4-3.jpg,311552,South Elm Urban Market,,,,336-274-4595,http://southelmurbanmarket.blogspot.com/,,,,,,,"340 South Elm Street Greensboro, NC 27401",North Carolina,GREENSBORO,340 S ELM ST,27401,-79.79057667842353,36.06886776026818,,
farmers market,"Mar 27th, 2023",default-farmersmarket-4-3.jpg,311553,Spring Run Market & Cafe,,,,252-714-5722,http://www.springrunmarket.com,,,,,,,"3701 Charles Blvd, Suite 104 Greenville, NC 27858",North Carolina,GREENVILLE,3701 CHARLES BLVD,27858,-77.35063814744818,35.566894627466546,,
farmers market,"Mar 27th, 2023",default-farmersmarket-4-3.jpg,311554,Spruce Pine Farmers' Market,,,bridgetscot@aol.com,828-688-3538,,https://www.facebook.com/Spruce-Pine-Farmers-Market-10150116875830514/timeline/,,,,,,"585 Oak Ave., Spruce Pine, NC, 28777",North Carolina,Spruce Pine,585 Oak Ave.,28777,-82.06349439022453,35.91550895288608,,
farmers market,"Mar 27th, 2023",default-farmersmarket-4-3.jpg,311555,Stanly Commons Farmers' Market,,,jlayton@stanlycountync.gov,704-986-3018,,https://www.facebook.com/StanlyCommonsFarmersMarket,,,,,,"1000 N. 1st St., Albemarle, NC, 28001",North Carolina,Albemarle,1000 N. 1st St.,28001,-80.19902188332486,35.36790472199977,,
farmers market,"Mar 27th, 2023",default-farmersmarket-4-3.jpg,311556,Stanly County Farmers Market,,,,704-984-9415,http://www.albemarledowntown.com/Farmers_Market.html,http://www.facebook.com/stanlycountyfm,,,,,,"100 Railroad St Albemarle, NC 28001",North Carolina,ALBEMARLE,100 RAILROAD ST,28001,-80.20270388354697,35.35023018093099,,
farmers market,"Mar 27th, 2023",default-farmersmarket-4-3.jpg,311557,Stecoah Tailgate Market,,,,828-479-3364,http://www.stecoahvalleycenter.com,,,,,,,"121 Schoolhouse Rd. Stecoah, NC 28771",North Carolina,LAKE SANTEETLAH,121 SCHOOL HOUSE RD,28771,-83.69184996014253,35.36723049223282,,
farmers market,"Mar 27th, 2023",default-farmersmarket-4-3.jpg,311558,Stokes Farmers Market,,,,336-994-2604,,,,,,,,"1287 Coy Hall Road King, NC 27021",North Carolina,KING,1287 COY HALL RD,27021,-80.31001814697828,36.35605967546863,,
farmers market,"Mar 27th, 2023",default-farmersmarket-4-3.jpg,311559,Sunset Beach Waterfront Market,,,info@sunsetbeachmarket.com,888-573-2235,http://sunsetbeachmarket.com/,https://www.facebook.com/sunsetbeachmarket,,,,,,"206 Sunset Blvd. N., Sunset Beach, NC, 28468",North Carolina,Sunset Beach,206 Sunset Blvd. N.,28468,-78.50964597039284,33.877184343572104,,
farmers market,"Mar 27th, 2023",default-farmersmarket-4-3.jpg,311560,Surry County Farmers' Market,,,,336-401-8025,http://www.surrycountyfarmersmarket.com/,http://www.facebook.com/Surry-County-Farmers-Market-596405117037988,,,,,,"903 East Atkins Street Dobson, NC 27030 We have three markets. They are located at 903 East Atkins Street in Dobson, 111 South Main Street in Mount Airy, and 226 North Bridge Street in Elkin, North Ca",North Carolina,DOBSON,903 E ATKINS ST,27017,-80.70851945868334,36.39232309012518,,
farmers market,"Mar 27th, 2023",default-farmersmarket-4-3.jpg,311561,Tanglewood Farmers' Market,,,,,http://www.clemmons.org/index.asp?SEC=D57A1BC6-433F-4353-B098-2C370FBC84C0&Type=B_BASIC,https://www.facebook.com/tanglewoodfarmersmarket,,,,,,"4061 Clemmons Rd., Clemmons, NC, 27012",North Carolina,Clemmons,4061 Clemmons Rd.,27012,-80.40308577710046,36.019437900177266,,
farmers market,"Mar 27th, 2023",default-farmersmarket-4-3.jpg,311562,Tarboro-Edgecombe Farmers Market,,,,252-641-7815,http://www.ces.ncsu.edu/edgecombe,,,,,,,"507 Albemarle Ave Tarboro, NC 27886",North Carolina,TARBORO,507 ALBEMARLE AVE,27886,-77.53762477018581,35.89746114794592,,
farmers market,"Mar 27th, 2023",default-farmersmarket-4-3.jpg,311563,The Evening Farmers' Market,,,EveningFarmersMkt@gmail.com,704-873-3361,http://www.theeveningfarmersmarket.com/,https://www.facebook.com/EveningFarmersMarket,,,,,,"123 N. Center St., Pecan Park, Statesville, NC, 28677",North Carolina,Statesville,123 N. Center St.,28677,-80.88923948694455,35.786443850566705,,
farmers market,"Mar 27th, 2023",default-farmersmarket-4-3.jpg,311564,The Farmers' Market in Star,,,,910-439-4854,http://www.mcfma.org,,,,,,,"454 South Main Street Star, NC 27356",North Carolina,STAR,454 S MAIN ST,27356,-79.78549367986629,35.3932085450441,,
farmers market,"Mar 27th, 2023",default-farmersmarket-4-3.jpg,311565,The Fayetteville Farmers Market,,,,,,http://www.facebook.com/FayettevilleFarmersMarket/,,,,,,"205 Forsythe St Fayetteville, NC 28303",North Carolina,FAYETTEVILLE,205 FORSYTHE ST,28303,-78.92017156814667,35.044610574549615,,
farmers market,"Mar 27th, 2023",default-farmersmarket-4-3.jpg,311566,The Friendly Market,,,,252-808-7954,,http://www.facebook.com/#!/MindysBakedGoodsAtTheFriendlyMarket,,,,,,"205 Friendly Road Morehad City, NC 28557",North Carolina,MOREHEAD CITY,205 FRIENDLY RD,28557,-76.76838125722844,34.728677079884875,,
farmers market,"Mar 27th, 2023",default-farmersmarket-4-3.jpg,311567,The Urban Farmer's Market,,,,919-219-1109,http://www.theurbanfarmersmarket.com,,,,,,,"204 W. Ruffin Street Mebane, NC 27302",North Carolina,MEBANE,204 W RUFFIN ST,27302,-79.26918837624969,36.09826302408345,,
farmers market,"Mar 27th, 2023",default-farmersmarket-4-3.jpg,311568,Thomasville Farmers Market,,,,336-242-2085,,,,,,,,"21 East Guilford Street Thomasville, NC 27360",North Carolina,THOMASVILLE,21 E GUILFORD ST,27360,-80.08103259217586,35.8850328862978,,
farmers market,"Mar 27th, 2023",default-farmersmarket-4-3.jpg,311569,Transylvania Farmers' Market,,,leslie@logemanndesign.com,828-548-0660,http://transylvaniafarmersmarket.com/,https://www.facebook.com/TransylvaniaFarmersMarket,,,,,,"190 E. Main St., Brevard, NC, 28712",North Carolina,Brevard,190 E. Main St.,28712,-82.73172536626171,35.23257887967785,,
farmers market,"Mar 27th, 2023",default-farmersmarket-4-3.jpg,311570,Troutman Farmers' Market,,,,704-528-7600,http://www.troutmannc.gov,http://www.facebook.com/TroutmanFarmersMarket,,,,,,"338 North Ave Troutman , NC 28166",North Carolina,TROUTMAN,338 NORTH AVE,28166,-80.89068288917301,35.70622766494537,,
farmers market,"Mar 27th, 2023",default-farmersmarket-4-3.jpg,311571,Union County Farmers Market,,,,704-564-2883,,http://www.facebook.com/pages/Union-County-Farmers-Market-Monroe-NC/104261606377297,,,,,,"805 Skyway Drive Monroe, NC 28110",North Carolina,MONROE,805 SKYWAY DR,28110,-80.54944473225191,34.9880269066923,,
farmers market,"Mar 27th, 2023",default-farmersmarket-4-3.jpg,311572,Uptown Wadesboro Farmers' Market,,,,,http://www.uptownwadesboro.com/,https://www.facebook.com/uptownwadesboroinc,,,,,,"107 E. Wade St., Wadesboro, NC, 28170",North Carolina,Wadesboro,107 E. Wade St.,28170,-80.07666483549905,34.96628669179568,,
farmers market,"Mar 27th, 2023",default-farmersmarket-4-3.jpg,311573,Uptowne Market,,,,336-883-8512,,http://www.facebook.com/uptownemarket,,,,,,"901 North Main Street High Point, NC 27261",North Carolina,HIGH POINT,901 N MAIN ST,27262,-80.01262822202548,35.96579012135667,,
farmers market,"Mar 27th, 2023",default-farmersmarket-4-3.jpg,311574,Valdese Farmers' Market,,,,828-879-2120,https://townofvaldese.com/pages/farmers-market/,https://www.facebook.com/valdesefarmersmarket,,,,,,"121 Faet St., Valdese, NC, 28690",North Carolina,Valdese,121 Faet St.,28690,-81.56410833617272,35.74362058943472,,
farmers market,"Mar 27th, 2023",default-farmersmarket-4-3.jpg,311575,Village Farmers Market,,,,919-550-0765,,,,,,,,"4684 NC Hwy 42E CLAYTON, NC 27520",North Carolina,CLAYTON,4684 STATE HWY 42,27527,-78.34809020787564,35.65330688772068,,
farmers market,"Mar 27th, 2023",default-farmersmarket-4-3.jpg,311576,Wake Forest Farmers Market,,,erri_wilkinson@hotmail.com,,http://www.wakeforestfarmersmarket.org/,,,,,,,"150 South White St., Wake Forest, NC 27587",North Carolina,Wake Forest,150 South White St.,27587,-78.50975316248432,35.97805202627205,,
farmers market,"Mar 27th, 2023",default-farmersmarket-4-3.jpg,311577,Wallace Community Tailgate Market,,,,,,,,,,,,"11202 Harris (Eastfield) Road Huntersville, NC 28078",North Carolina,HUNTERSVILLE,11202 HARRIS RD,28078,-80.76348753943496,35.40065485482997,,
farmers market,"Mar 27th, 2023",default-farmersmarket-4-3.jpg,311578,Washington Saturday Market,,,,,http://www.washingtononthewater.com/?page_id=264,,,,,,,"301 W. Stewart Pkwy., Near the dockmaster and public restrooms, Washington, NC, 27889",North Carolina,Washington,301 W. Stewart Pkwy.,27889,-77.05673509112412,35.5414912503616,,
farmers market,"Mar 27th, 2023",default-farmersmarket-4-3.jpg,311579,Watauga County Farmers' Market,,,info@wataugacountyfarmersmarket.org,828-355-4918,http://www.wataugacountyfarmersmarket.org/,https://www.facebook.com/WataugaCountyFarmersMarket/,,,,,,"591 Horn in the West Dr., Boone, NC, 28607",North Carolina,Boone,591 Horn in the West Dr.,28607,-81.67024242012899,36.20999449141108,,
farmers market,"Mar 27th, 2023",default-farmersmarket-4-3.jpg,311580,Waverly Farmers' Market,,,info@waverlycary.com,,http://waverlyfm.com/,https://www.facebook.com/WaverlyPlaceNC,,,,,,"102 New Waverly Pl., Cary, NC, 27518",North Carolina,Cary,102 New Waverly Pl.,27518,-78.77926470013463,35.736375901484124,,
farmers market,"Mar 27th, 2023",default-farmersmarket-4-3.jpg,311581,Waynesville Tailgate Market,,,,828-456-3517,,https://www.facebook.com/Waynesville-Tailgate-Market-117024646020/timeline/,,,,,,"171 Legion Dr., American Legion behind Bogarts, Waynesville, NC, 28786",North Carolina,Waynesville,171 Legion Dr.,28786,-82.98933986705711,35.48618740458279,,
farmers market,"Mar 27th, 2023",default-farmersmarket-4-3.jpg,311582,Weaverville Tailgate Market,,,,,http://weavervilletailgate.org,,,,,,,"60 Lakeshore Dr., Behind the Community Center overlooking Lake Louise Weaverville, NC 28787",North Carolina,WEAVERVILLE,60 LAKESHORE DR,28787,-82.56885274957162,35.691911381086655,,
farmers market,"Mar 27th, 2023",default-farmersmarket-4-3.jpg,311583,Wendell Farmers' Market,,,manager@wendellfarmersmarket.org,919-374-8115,,https://www.facebook.com/Wendell-Farmers-Market-323358487710601,,,,,,"3700 Wendell Blvd., Wendell, NC, 27591",North Carolina,Wendell,3700 Wendell Blvd.,27591,-78.36850323348085,35.78414877611799,,
farmers market,"Mar 27th, 2023",default-farmersmarket-4-3.jpg,311584,West Asheville Tailgate Market,,,,,,,,,,,,"718 Haywood Rd asheville, NC 28806",North Carolina,ASHEVILLE,718 HAYWOOD RD,28806,-82.5923119505938,35.57759097073133,,
farmers market,"Mar 27th, 2023",default-farmersmarket-4-3.jpg,311585,West Rock Farmers' Market,,,anna_barker68@yahoo.com,336-427-5838,http://www.westrockfarmersmarket.com/,https://www.facebook.com/WestRockFarmersMarket,,,,,,"898 S. Ayersville Rd., Mayodan, NC, 27027",North Carolina,Mayodan,898 S. Ayersville Rd.,27027,-79.97529199972176,36.40365205437283,,
farmers market,"Mar 27th, 2023",default-farmersmarket-4-3.jpg,311586,Western Wake Farmers Market,,,disonlisbethwhitley@gmail.com,540-230-6697,http://www.westernwakefarmersmarket.org/,,,,,,,"1226 Morrisville-Carpenter Road, between Highway 55 and Davis Drive, Cary, NC 27519",North Carolina,Cary,1226 Morrisville-Carpenter Road,27519,-78.85561871403196,35.82224739916272,,
farmers market,"Mar 27th, 2023",default-farmersmarket-4-3.jpg,311587,Wilkesboro Open Air Market,,,planning@wilkesboronc.org,,http://www.wilkesboronorthcarolina.com/explore-wilkesboro-2/open-air-market-a-special-events-series,https://www.facebook.com/wilkesboroopenairmarket,,,,,,"102 W. Main St., Downtown, Wilkesboro, NC, 28697",North Carolina,Wilkesboro,"102 W. Main St., Downtown",28697,-81.15201863085373,36.14829523234207,,
farmers market,"Mar 27th, 2023",default-farmersmarket-4-3.jpg,311588,Wilson County Farmers Market,,,,252-239-1583,,,,,,,,"2200 Downing Street Wilson, NC 27893",North Carolina,WILSON,2200 DOWNING ST SW,27893,-77.93696407589958,35.711861191435155,,
farmers market,"Mar 27th, 2023",default-farmersmarket-4-3.jpg,311589,Winton Farmers' Market,,,,,https://sites.google.com/a/ncsu.edu/wintonncfarmersmarket/,https://www.facebook.com/WintonFarmersMarket,,,,,,"205 S. Main St., Winton, NC, 27986",North Carolina,Winton,205 S. Main St.,27986,-76.9367601422036,36.38972878304466,,
farmers market,"Mar 27th, 2023",default-farmersmarket-4-3.jpg,311590,Wrightsville Beach Farmers' Market,,,,,http://www.townofwrightsvillebeach.com/183/Farmers-Market,,,,,,,"321 Causeway Dr., adjacent to Town Hall, Wrightsville Beach, NC, 28480",North Carolina,Wrightsville Beach,321 Causeway Dr.,28480,-77.80658049503604,34.21441461340463,,
farmers market,"Mar 27th, 2023",default-farmersmarket-4-3.jpg,311591,YMCA & GoWayneGo Farmer's Market,,,,919-778-8557,http://www.goldsboroymca.org/events/farmers-market,,,,,,,"1105 Parkway Drive Goldsboro Goldsboro, NC 27534 Please give parking preference to YMCA members. If you are not a Y member we would appreciate it if you would park in the far right parking lot (if you",North Carolina,GOLDSBORO,1105 PARKWAY DR,27534,-77.93898117234208,35.38489826836322,,
farmers market,"Mar 29th, 2022",farmersmarket_301686_14083_20220329143715.png,301686,Boone Winter Farmers Market,"The Boone Winter Farmers' Market offers a wide range of local products such as fresh produce, meats, bouquets, pottery, prepared foods and preserves, honey, homemade body products, herbal remedies, chocolate, coffee, and so much more!",Rachel Kinard,farmersmarkets@brwia.org,803-429-3943,https://www.brwia.org/wintermarket.html,https://www.facebook.com/BooneWinterFM,,https://www.instagram.com/boonewintermarket/,,,,"252 Poplar Grove Road, Boone, NC, USA",North Carolina,Boone,252 Poplar Grove Road,28607,-81.6887158,36.2204478,12/03/2022 to 03/25/2023,"Fresh fruits, Fresh vegetables, Baked goods, Eggs, Honey, Mushrooms, Nursery stock (trees), Prepared foods, Soap/body care products"
farmers market,"Mar 31st, 2022",farmersmarket_301685_14083_20220329140316.png,301685,King Street Farmers Market,"​The King Street Farmers' Market, powered by Blue Ridge Women in Agriculture is returning for the 2022 season! The market has been operating since 2017! The King Street Market is a spacious, outdoor market that operates every Tuesday from May through October. The King Street Market is designed with working families in mind to give them the perfect opportunity to shop local during the week! We have a variety of vendors including produce, meat, eggs, dairy, bread, baked goods, crafts, soap and more!",Rachel Kinard,farmersmarkets@brwia.org,8034293943,https://www.brwia.org/ksm.html,https://www.facebook.com/KingStreetMkt,,https://www.instagram.com/kingstreetmarket/,,,,"126 Poplar Grove Connector, Boone, NC, USA",North Carolina,Boone,126 Poplar Grove Connector,28607,-81.69312339999999,36.2198305,05/03/2022 to 10/25/2022,"Fresh fruits, Fresh vegetables, Baked goods, Canned or preserved fruits/vegetables, Crafts/woodworking items, Cut flowers, Dairy products., Eggs, Fresh/dried herbs, Honey, Poultry/fowl meat and products, Prepared foods, Soap/body care products, Wild harvested forest products"
farmers market,"May 15th, 2020",default-farmersmarket-4-3.jpg,301098,Zebulon Farm Fresh Market,,Hannah Blische,farmersmarket@townofzebulon.org,9198231817,https://www.townofzebulon.org/departments/parks-and-recreation/farm-fresh-market,https://www.facebook.com/zebulonfarmfreshmarket/,,,,,,"103 N Arendell Ave, Zebulon, North Carolina 27597",North Carolina,Zebulon,103 N Arendell Ave,27597,-78.314111,35.821835,May to August,"Fresh fruits, Fresh vegetables, Baked goods, Bedding plants, Canned or preserved fruits/vegetables, Crafts/woodworking items, Cut flowers, Eggs, Fish/seafood, Fresh/dried herbs, Honey, Pet food, Poultry/fowl meat and products, Prepared foods, Red/other non-poultry meat and products, Soap/body care products, Wine, spirits, beer, hard cider"
farmers market,"Oct 10th, 2022",farmersmarket_301767_14341_20221010185301.png,301767,Davidson Farmers Market,"The mission of Davidson Farmers Market is to sponsor a weekly farmers' market in Davidson which provides locally grown food, educates the public about nutrition and the importance of eating locally grown foods and offers musical entertainment, special events and cooking and other demonstrations to create a community festival for the Town. DFM’s goal is to create a vibrant community gathering place with locally grown agricultural and horticultural products and family-friendly educational, musical and entertainment activities.",Patty Winters,patty@davidsonfarmersmarket.org,804-263-1219,www.davidsonfarmersmarket.org,https://www.facebook.com/DavidsonFarmersMarket/?notif_id=1651961329159593&notif_t=page_user_activity&ref=notif,,https://www.instagram.com/davidsonfarmersmkt/,,,,"120 South Main Street, Davidson, NC, USA",North Carolina,Davidson,120 South Main Street,28036,-80.848974,35.498622,,
farmers market,"Oct 2nd, 2020",default-farmersmarket-4-3.jpg,301349,Secotan Market,,"Eric Soderholm, Ladd Bayliss",secotanmarket@gmail.com,2522561243,https://secotanmarket.com/,https://www.facebook.com/secotanmarket/,,,,,,"2868 NC-345, Wanchese, North Carolina 27981",North Carolina,Wanchese,2868 NC-345,27981,-75.645391,35.854615,January to April,"Fresh vegetables, Baked goods, Canned or preserved fruits/vegetables, Coffee/tea, Crafts/woodworking items, Cut flowers, Eggs, Fresh/dried herbs, Honey, Juices/non-alcoholic ciders, Nuts, Poultry/fowl meat and products, Prepared foods, Red/other non-poultry meat and products, Soap/body care products"
farmers market,"Sep 10th, 2020",default-farmersmarket-4-3.jpg,300006,Durham Farmers' Market,,Michelle Greene,info@durhamfarmersmarket.com,919-667-3099,www.durhamfarmersmarket.com,www.facebook.com/durhamfarmersmarketnc,www.twitter.com/DurhamFarmerMkt,,,,,"501 Foster Street, Durham, North Carolina 27701",North Carolina,Durham,501 Foster Street,27701,-78.901856,36.000559,April to November,"Fresh fruits, Fresh vegetables, Baked goods, Bedding plants, Canned or preserved fruits/vegetables, Coffee/tea, Crafts/woodworking items, Cut flowers, Dairy products., Dry beans, Eggs, Fresh/dried herbs, Grains/flour, Honey, Mushrooms, Nursery stock, Poultry/fowl meat and products, Prepared foods, Red/other non-poultry meat and products, Soap/body care products, Wild harvested forest products, Wine, spirits, beer, hard cider"
farmers market,"Sep 10th, 2020",default-farmersmarket-4-3.jpg,300120,Oxford Farmers Market,,Janis Daniel,janis.farmersmkt@gmail.com,919-603-4493,,https://www.facebook.com/OxfordMarket,,,,,,"Corner of Lanier and McClanahan Streets, Oxford, North Carolina 27565",North Carolina,Oxford,Corner of Lanier and McClanahan Streets,27565,-78.586616,36.3148277,May to October,"Fresh fruits, Fresh vegetables, Baked goods, Bedding plants, Canned or preserved fruits/vegetables, Crafts/woodworking items, Cut flowers, Eggs, Fresh/dried herbs, Honey, Nursery stock, Nuts"
farmers market,"Sep 11th, 2020",default-farmersmarket-4-3.jpg,300230,Piedmont Triad Farmers Market,,Rick Cecil,rick.cecil@ncagr.gov,(336) 605-9157,www.triadfarmersmarket.com,https://www.facebook.com/pages/Robert-G-Shaw-Piedmont-Triad-Farmers-Market/144426648949461,,,,,,"2914 Sandy Ridge Road, Colfax, North Carolina 27235",North Carolina,Colfax,2914 Sandy Ridge Road,27235,-79.992657,36.087691,Year-round,"Fresh fruits, Fresh vegetables, Baked goods, Bedding plants, Canned or preserved fruits/vegetables, Coffee/tea, Crafts/woodworking items, Cut flowers, Dairy products., Dry beans, Eggs, Fish/seafood, Fresh/dried herbs, Grains/flour, Honey, Juices/non-alcoholic ciders, Maple products, Mushrooms, Nursery stock, Nuts, Pet food, Poultry/fowl meat and products, Prepared foods, Red/other non-poultry meat and products, Soap/body care products, Wild harvested forest products, Wine, spirits, beer, hard cider"
farmers market,"Sep 11th, 2020",default-farmersmarket-4-3.jpg,300323,Shallotte Farmers Market/Market on Mulberry,,Megan Bellamy,Mbellamy@townofshallotte.org,910 754 4032,www.townofshallotte.org,https://www.facebook.com/ShallotteFarmersMarket,,,,,,"123 Mulberry Street, Shallotte, North Carolina 28470",North Carolina,Shallotte,123 Mulberry Street,28470,-78.386035,33.975058,June to August,"Fresh fruits, Fresh vegetables, Baked goods, Bedding plants, Canned or preserved fruits/vegetables, Crafts/woodworking items, Cut flowers, Eggs, Fresh/dried herbs, Honey, Nursery stock, Nuts, Pet food, Prepared foods, Soap/body care products"
farmers market,"Sep 11th, 2020",default-farmersmarket-4-3.jpg,300365,Charlotte Regional Farmers Market,,Amie Newsome,amie.newsome@ncagr.gov,704-357-1269,www.charlottefarmersmarket.com,https://www.facebook.com/CharlotteRegionalFarmersMarket,,,,,,"1801 Yorkmont Road, Charlotte, North Carolina 28217",North Carolina,Eagle Lake,1801 Yorkmont Rd,28217,-80.908718,35.1867102,Year-round,"Fresh fruits, Fresh vegetables, Baked goods, Bedding plants, Canned or preserved fruits/vegetables, Coffee/tea, Crafts/woodworking items, Cut flowers, Dairy products., Dry beans, Eggs, Fish/seafood, Fresh/dried herbs, Grains/flour, Honey, Juices/non-alcoholic ciders, Maple products, Mushrooms, Nursery stock, Nuts, Pet food, Poultry/fowl meat and products, Prepared foods, Red/other non-poultry meat and products, Soap/body care products, Wild harvested forest products, Wine, spirits, beer, hard cider"
farmers market,"Sep 11th, 2020",default-farmersmarket-4-3.jpg,300435,Morganton Farmer's Market,,Abby Gentry Nelson,info@morgantonfest.org,828-438-5280,http://www.downtownmorganton.com/index.php/shop/farmers-markets,www.facebook.com/morgantonfarmersmarket,,,,,,"111 North Green Street, Morganton, North Carolina 28655",North Carolina,Morganton,111 North Green Street,28655,-81.688488,35.7466269,May to October,"Fresh fruits, Fresh vegetables, Baked goods, Canned or preserved fruits/vegetables, Coffee/tea, Crafts/woodworking items, Cut flowers, Eggs, Honey, Prepared foods, Soap/body care products, Wild harvested forest products"
farmers market,"Sep 15th, 2020",default-farmersmarket-4-3.jpg,301337,South End Market at Atherton,,Samantha DeRosa,sam@fmmscarolinas.com,7047796476,https://southendmkt.com/,https://www.facebook.com/southendmarketclt,,,,,,"2000 South Blvd., Charlotte, North Carolina 28203",North Carolina,Charlotte,2000 South Blvd.,28203,-80.860801,35.209110,Year-round,"Fresh fruits, Fresh vegetables, Baked goods, Canned or preserved fruits/vegetables, Coffee/tea, Crafts/woodworking items, Cut flowers, Dairy products., Eggs, Fish/seafood, Fresh/dried herbs, Grains/flour, Honey, Mushrooms, Pet food, Poultry/fowl meat and products, Prepared foods, Red/other non-poultry meat and products, Soap/body care products"
on-farm market,"Apr 25th, 2015",default-onfarmmarket-4-3.jpg,700659,Green River Farm Millspring,,Dan Servideo,greenriverfarm@windstream.net,828-894-3431,,,,,,,,"10103 Highway 108 E, Mill Spring, North Carolina 28756",North Carolina,Mill Spring,10103 Highway 108 E,28756,-82.075981,35.325402,,
on-farm market,"Apr 25th, 2020",default-onfarmmarket-4-3.jpg,701520,The Farm Dobson,,Mayghan Watson,hey@letsgotothefarm.com,336-817-5208,www.letsgotothefarm.com,www.facebook.com/thefarmdobson,,,,,,"769 Bray Ford Rd, Dobson , North Carolina 27017",North Carolina,Dobson,769 Bray Ford Rd,27017,-80.666138,36.334153,,
on-farm market,"Aug 11th, 2014",default-onfarmmarket-4-3.jpg,700398,BirdBrain Ostrich Ranch Inc.,,Pat Roberts Mike Todd,bor@charter.net,704-483-1620,www.birdbrainranch.com,,,,,,,"6691 Little Mountain Road, Sherrills Ford, North Carolina 28673",North Carolina,Sherrills Ford,6691 Little Mountain Road,28673,-81.030019,35.595735,,
on-farm market,"Aug 13th, 2014",default-onfarmmarket-4-3.jpg,700320,Grove Winery,,Max Lloyd,info@grovewinery.com,336-584-4060,GroveWinery.com,https://www.facebook.com/pages/Grove-Winery-Vineyards/54085131096,https://www.twitter.com/GroveWinery,,,,,"7360 Brooks Bridge Rd, Gibsonville, North Carolina 27249",North Carolina,Gibsonville,7360 Brooks Bridge Rd,27249,-79.554995,36.218335,,
on-farm market,"Aug 20th, 2014",default-onfarmmarket-4-3.jpg,700855,Devil Dog Orchard,,Larry Huffman,lindahuffman52@gmail.com,3364910382,,,,,,,,"771 Hwy 150, Reidsville,, North Carolina 27320",North Carolina,"Reidsville,",771 Hwy 150,27320,-79.603397,36.260555,,
on-farm market,"Aug 22nd, 2014",default-onfarmmarket-4-3.jpg,700890,Foust Family Farms,,Ron Foust,,336-697-1279,www.FoustFamilyFarms.com,,,,,,,"3625 Old Julian Rd, Whitsett, North Carolina 27377",North Carolina,Whitsett,3625 Old Julian Rd,27377,-79.624879,36.000752,,
on-farm market,"Aug 23rd, 2014",default-onfarmmarket-4-3.jpg,700897,Berry Busy Farm LLC,,Berry Busy Farm LLC,berrybusyfarm@windstream.net,berrybusyfarm@windst,,,,,,,,"8796 Cottonville Road, Norwood, North Carolina 28128",North Carolina,Norwood,8796 Cottonville Road,28128,-80.180363,35.2200460,,
on-farm market,"Aug 24th, 2015",default-onfarmmarket-4-3.jpg,700260,Herndon Hills Farm,,Nancy Herndon,nancy_herndon@yahoo.com,919-544-3313,,https://www.facebook.com/HerndonHillsFarm,,,,,,"7110 Massey Chapel Road (Barbee Road), Durham, North Carolina 27713",North Carolina,Durham,7110 Massey Chapel Road (Barbee Road),27713,-78.932214,35.900638,,
on-farm market,"Aug 25th, 2014",default-onfarmmarket-4-3.jpg,700937,Happy Acres Farm,,James Matthews,james@happyacresfarm.net,252-537-8537,http://www.happyacresfarm.net,https://www.facebook.com/pages/Happy-Acres-Farm/227602303939750,,,,,,"210 Wright Rd., Roanoke Rapids, North Carolina 27870",North Carolina,Roanoke Rapids,210 Wright Rd.,27870,-77.775615,36.393834,,
on-farm market,"Aug 26th, 2014",default-onfarmmarket-4-3.jpg,700591,Cedar View Farm,,Roscoe Poe,poehouses@aol.com,336-202-7771,7466 Richland Ch. RD.,,,,,,,"7466 Richland Church Road, Liberty, North Carolina 27298",North Carolina,Liberty,7466 Richland Church Road,27298,-79.550016,35.897453,,
on-farm market,"Aug 26th, 2014",default-onfarmmarket-4-3.jpg,700946,"Twin Oaks Heritage Farm, LLC",,Dorothy Adkins,twinoaksfarm2012@yahoo.com,910-892-PORK,www.graysonspremiumpork.com,https://www.facebook.com/graysonspremiumpork/timeline,,,,,,"193 Old US 421 Hwy S , Dunn, North Carolina 28334",North Carolina,Dunn,193 Old US 421 Hwy S,28334,-78.562895,35.255078,,
on-farm market,"Aug 26th, 2014",default-onfarmmarket-4-3.jpg,700951,Parker Farm,,Ken & Michelle Parker,mkpark7896@centurylink.net,252-671-9695,,Parkerfarm1@hotmail.com,,,,,,"230 Goshen Rd, Pollocksville, North Carolina 28573",North Carolina,Pollocksville,230 Goshen Rd,28573,-77.237373,35.0129475,,
on-farm market,"Aug 28th, 2014",default-onfarmmarket-4-3.jpg,700970,Muddy Boots Farms,,Kent Lowder,muddybootsfarms@gmail.com,704-794-6950,www.muddybootsfarms.com,,,,,,,"20750 NC 73 Hwy, Albemarle , North Carolina 28001",North Carolina,Albemarle,20750 NC 73 Hwy,28001,-80.318464,35.3816927,,
on-farm market,"Aug 29th, 2014",default-onfarmmarket-4-3.jpg,700981,Wood Family Farm,,Darlene Wood,darlene@woodfamilyfarmnc.com,919-894-3007,www.woodfamilyfarmnc.com,,,,,,,"3198 Hannah Creek Road, Benson, North Carolina 27504",North Carolina,Benson,3198 Hannah Creek Road,27504,-78.493436,35.3596940,,
on-farm market,"Aug 2nd, 2014",default-onfarmmarket-4-3.jpg,700503,Fowler Farms Fresh Produce,,Darla Fowler,darlafowler@yahoo.com,(910 )653-5795,,,,,,,,"669 Wright Road, Tabor City, North Carolina 28463",North Carolina,Tabor City,669 Wright Road,28463,-78.808493,34.0945770,,
on-farm market,"Aug 5th, 2014",default-onfarmmarket-4-3.jpg,700808,Hawkeye Farms,,Larry Chavis,lchavis1hicc@aol.com,910-843-9484,http://hawkeyeindianculturalcenter.com,https://www.facebook.com/HawkeyeIndianCulturalCenterRedSpringsNC,,,,,,", Red Springs , North Carolina",North Carolina,Red Springs,,,-79.206190,34.895259,,
on-farm market,"Feb 7th, 2020",default-onfarmmarket-4-3.jpg,701502,Flag Branch Farm,,Elizabeth Lee,Lizbeatles424@yahoo.com,7043200853,,,,,,,,", Monroe, North Carolina",North Carolina,Monroe,,,-80.550290,34.988821,,
on-farm market,"Jan 13th, 2022",default-onfarmmarket-4-3.jpg,701627,Farm to Vittles,,April,farmtovittles@yahoo.com,910-663-5640,https://farmtovittles.square.site/,,,,,,,", Delco, North Carolina",North Carolina,Delco,,,-78.255756,34.274121,,
on-farm market,"Jan 3rd, 2015",default-onfarmmarket-4-3.jpg,700741,Creekside Farm,,Kathy Bennek,info@creeksidefarmberries.com,919-965-9969,www.creeksidefarmberries.com,Creekside Farm,,,,,,"300 Pine Tree Road, Selma, North Carolina 27576",North Carolina,Selma,300 Pine Tree Road,27576,-78.299179,35.6856420,,
on-farm market,"Jul 26th, 2014",default-onfarmmarket-4-3.jpg,700411,Apple Orchard Farm,,Arthur Duckworth,appleorchardfarm@bellsouth.net,704-718-4923,appleorchardfarmnc.com,,,,,,,"640 Mariposa Road, Stanley, North Carolina 28164",North Carolina,Stanley,640 Mariposa Road,28164,-81.088517,35.3848569,,
on-farm market,"Jul 26th, 2014",default-onfarmmarket-4-3.jpg,700742,Coinjock Creek Farms,,"John H Snowden, III",info@coinjockcreek.com,252-267-3332,www.coinjockcreek.com/,www.facebook.com/coinjockcreek,www.twitter.com/coinjockcreek,,,,,"194 Maple Road, Maple, North Carolina 27956",North Carolina,Maple,194 Maple Road,27956,-76.011026,36.411586,,
on-farm market,"Jul 27th, 2014",default-onfarmmarket-4-3.jpg,700415,Renston Garden Market,,Andy McLawhorn,andyrenston@hotmail.com,252-756-3343,renstongardenmarket.com,,,,,,,"4024 Highway 903 South, Winterville, North Carolina 28590",North Carolina,Winterville,4024 Highway 903 South,28590,-77.460700,35.507746,,
on-farm market,"Jul 27th, 2014",default-onfarmmarket-4-3.jpg,700553,Summerberry Farm,,Steve French,sfrench2@ctc.net,704-721-0670,,,,,,,,"3430 Rimer Road, Concord, North Carolina 28025",North Carolina,Concord,3430 Rimer Road,28025,-80.486933,35.462955,,
on-farm market,"Jul 27th, 2014",default-onfarmmarket-4-3.jpg,700580,Sunrise Farms,,Denise Cole,rcole4@atmc.net,910-231-0122,,,,,,,,"5521 Rl Lewis Lane, Bolivia, North Carolina 28422",North Carolina,Bolivia,5521 Rl Lewis Lane,28422,-78.087888,34.0702920,,
on-farm market,"Jul 27th, 2014",default-onfarmmarket-4-3.jpg,700638,Justus Orchard,,Margo Justus,Apples@JustusOrchard.com,828-243-2420 or 828-,www.justusorchard.com,https://www.facebook.com/pages/Justus-Orchard/119052544801944,,,,,,"187 Garren Road, Hendersonville, North Carolina 28792",North Carolina,Hendersonville,187 Garren Road,28792,-82.380306,35.397792,,
on-farm market,"Jul 27th, 2014",default-onfarmmarket-4-3.jpg,700723,Southside Farms,,,info@southsidefarms.com,(252) 946-2487,www.southsidefarms.com,https://www.facebook.com/pages/Southside-Farms/138931649490630,,,,,,"320 Harding Lane, Chocowinity, North Carolina 27817",North Carolina,Chocowinity,320 Harding Lane,27817,-77.101552,35.461994,,
on-farm market,"Jul 28th, 2014",default-onfarmmarket-4-3.jpg,700082,Blueberry Thrill Farm,,Rick Langhorne,Farmer@BlueberryThrillFarm.com,336-449-7246,www.blueberrythrillfarm.com,https://www.facebook.com/pages/Blueberry-Thrill-Farm/553052434714755,,,,,,"6938 Eaglesfield Rd, Gibconville, North Carolina 27249",North Carolina,Gibconville,6938 Eaglesfield Rd,27249,-79.578009,36.140093,,
on-farm market,"Jul 28th, 2014",default-onfarmmarket-4-3.jpg,700565,Cauble Creek Vineyard,,William Yost,sales@CaubleCreekVineyard.com,704-633-1137,www.caublecreekvineyard.com,,,,,,,"700 Cauble Farm Road, Salisbury, North Carolina 28147",North Carolina,Salisbury,700 Cauble Farm Road,28147,-80.574481,35.663271,,
on-farm market,"Jul 29th, 2014",default-onfarmmarket-4-3.jpg,700034,SleepyGoat Cheese LLC,,Della Williams,sleepygoatfarm@gmail.com,336-388-5388,www.sleepygoatfarm.com,https://www.facebook.com/SleepyGoatFarm,,,,,,"7215 Allison Road, Pelham, North Carolina 27311",North Carolina,Pelham,7215 Allison Road,27311,-79.410770,36.4586870,,
on-farm market,"Jul 30th, 2014",default-onfarmmarket-4-3.jpg,700122,In Theory Farm,,Lindsey Cobb,InTheoryFarm@gmail.com,919-578-2140,http://www.intheoryfarm.com/,https://www.facebook.com/intheoryfarm,,,,,,", Angier, North Carolina 27501",North Carolina,Angier,,27501,-78.716179,35.512589,,
on-farm market,"Jul 30th, 2014",default-onfarmmarket-4-3.jpg,700697,Bernies Berries and Produce,,Bernice H. Kenan,kenanb@bellsouth.net,(336) 852-1594,Bernies Berries. com,https://www.facebook.com/pages/Bernies-Berries/102612806495165,,,,,,"6126 Jonquil Drive, Greensboro, North Carolina 27407",North Carolina,Greensboro,6126 Jonquil Drive,27407,-79.880202,35.958562,,
on-farm market,"Jul 30th, 2014",default-onfarmmarket-4-3.jpg,700702,Johnny Wilson Farm LLC,,,jwfarm.olivia@gmail.com,828-217-1874,johnnywilsonfarm.com,https://www.facebook.com/pages/Johnny-Wilson-farm/205491109522790,,,,,,"2547 Dry Ponds Rd, Granite Falls, North Carolina 28630",North Carolina,Granite Falls,2547 Dry Ponds Rd,28630,-81.493406,35.799054,,
on-farm market,"Jul 31st, 2014",default-onfarmmarket-4-3.jpg,700799,Prevette Family Farm,,Douglas Prevette,pre4@yadtel.net,704-539-4350 or 704-,prevettefamilyfarm.com,https://www.facebook.com/pages/Prevette-Family-Farm/530975036935098,,,,,,"236 Williamsburg Road, Olin , North Carolina 28660",North Carolina,Olin,236 Williamsburg Road,28660,-80.821754,35.978319,,
on-farm market,"Jun 20th, 2017",default-onfarmmarket-4-3.jpg,701415,RambleRill Farm,,Darin Knapp,darin@ramblerillfarm.com,919-618-6067,www.ramblerillfarm.com,https://www.facebook.com/RambleRill/,,,,,,"913 Arthur Minnis Road, Hillsborough, North Carolina 27278",North Carolina,Hillsborough,913 Arthur Minnis Road,27278,-79.125907,35.997654,,
on-farm market,"Mar 1st, 2015",default-onfarmmarket-4-3.jpg,701218,Shelton Herb Farm,,M.G. Shelton,SheltonHF1986@atmc.net,910-253-5964,www.SheltonHerbFarmNC.com,https://www.facebook.com/pages/Shelton-Herb-Farm/279357342893?ref=br_rs&pnref=lhc,,,,,,"340 Goodman Rd, Leland , North Carolina 28451",North Carolina,Leland,340 Goodman Rd,28451,-78.081005,34.2007270,,
on-farm market,"Mar 21st, 2020",default-onfarmmarket-4-3.jpg,701510,Johnson Family Produce and General Store,,,support@johnsonfamilyproduce.com,9194993553,johnsonfamilyproduce.com,https://www.facebook.com/johnsonfamilyproduceandgeneralstore,,,,,,"407 US Hwy 15 501, Carthage, North Carolina 28327",North Carolina,Carthage,407 US Hwy 15 501,28327,-79.288952,35.377614,,
on-farm market,"Mar 24th, 2015",default-onfarmmarket-4-3.jpg,700275,Lu Mil Vineyard,,Ron Taylor,lumilvineyard@gmail.com,910-866-5819,,,,,,,,"438 Suggs-Taylor Road, Elizabethtown, North Carolina 28337",North Carolina,Elizabethtown,438 Suggs-Taylor Road,28337,-78.713877,34.668223,,
on-farm market,"Mar 25th, 2015",default-onfarmmarket-4-3.jpg,700672,Adams Vineyards,,Quincy Adams,marketing@adamsvineyards.com,919-567-1010,marketing@adamsvineyards.com,https://www.facebook.com/pages/Adams-Vineyard-And-Winery/157209567677328,,,,,,"3390 John Adams Road, Willow Spring, North Carolina 27592",North Carolina,Willow Spring,3390 John Adams Road,27592,-78.676316,35.583117,,
on-farm market,"Mar 25th, 2015",default-onfarmmarket-4-3.jpg,700824,Inter-Faith Food Shuttle Tryon Road Farm Stand,,Becky Dobosy,farmstand@foodshuttle.org,919.917.5041,http://foodshuttle.org/,https://www.facebook.com/InterFaithFoodShuttle,https://twitter.com/FoodShuttle,,,,http://foodshuttle.org/whats-growing/,"4505 Tryon Road, Raleigh, North Carolina 27606",North Carolina,Raleigh,4505 Tryon Road,27606,-78.715832,35.748489,,
on-farm market,"Mar 30th, 2022",default-onfarmmarket-4-3.jpg,700166,"Buffalo Creek Farm and Creamery, LLC",,Robin Blakley,Robin@BuffaloCreekFarmNC.com,336-969-5698,http://www.buffalocreekfarmandcreamery.com,https://www.facebook.com/BuffaloCreekFarmAndCreameryLLC,https://twitter.com/bcfarmcreamery,,,,http://buffalocreekfarmnc.blogspot.com/,"3241 Buffalo Creek Farm Road, Germanton, North Carolina 27019",North Carolina,Germanton,3241 Buffalo Creek Farm Road,27019,-80.237223,36.256532,,
on-farm market,"Nov 10th, 2014",default-onfarmmarket-4-3.jpg,701168,Tucker's Farm and Nursery,,Ronda Tucker,tuckerfarmnc@yahoo.com,336-613-6745,www.tuckersfarmnc.com,,,,,,,"3349 US Hwy 220, Madison, North Carolina 27025",North Carolina,Madison,3349 US Hwy 220,27025,-79.942518,36.338661,,
on-farm market,"Nov 15th, 2015",default-onfarmmarket-4-3.jpg,701304,Martins' Charolais Farm,,Dennis Martin,martinsfarm1@aol.com,704-472-1885,,Martins\' Charolais Farm,,,,,,"4408 Fallston Rd, Shelby , North Carolina 28150",North Carolina,Shelby,4408 Fallston Rd,28150,-81.498988,35.420490,,
on-farm market,"Nov 8th, 2014",default-onfarmmarket-4-3.jpg,701166,Barn Door Nursery and Produce,,Mary and Frank Welker,mwelker102@bellsouth.net,336 944--5025,,Barn Door Nursery and Produce,,,,,,"6709 Liberty Road, Julian, North Carolina 27283",North Carolina,Julian,6709 Liberty Road,27283,-79.652699,35.9050400,,
on-farm market,"Oct 20th, 2014",default-onfarmmarket-4-3.jpg,700527,Buttermilk Creek Farm,,Steve Smith,buttermilkcreek@gmail.com,336-212-1997,www.buttermilkcreek.net,https://www.facebook.com/pages/Buttermilk-Creek-Farm/116714891672770,,,,,,"1905 Gwyn Road, Burlington, North Carolina 27217",North Carolina,Burlington,1905 Gwyn Road,27217,-79.461680,36.2079770,,
on-farm market,"Oct 22nd, 2014",default-onfarmmarket-4-3.jpg,701149,Cohen Farm,,Esta and Murray Cohen,murrayswife@aol.com,919-742-4433,www.cohenfarm.com,Cohen Farm,,,,,,"688 Van Thomas Rd, Pittsboro, North Carolina 27312",North Carolina,Pittsboro,688 Van Thomas Rd,27312,-79.327858,35.826227,,
on-farm market,"Oct 22nd, 2014",default-onfarmmarket-4-3.jpg,701151,Scallys Natural Beef,,Sandra or Ron Scally,sandrafrogpond@gmail.com,704-622-0688,scallysnaturalbeef.com,,,,,,,"12720 Rocky River Church Road, Charlotte , North Carolina 28215",North Carolina,Charlotte,12720 Rocky River Church Road,28215,-80.629710,35.241105,,
on-farm market,"Oct 6th, 2014",default-onfarmmarket-4-3.jpg,701125,Karefree Produce,,Karen C Frye,karefreefarms.karen@yahoo.com,910-690-6722,www.karefreeproduce.com,https://www.facebook.com/pages/Karefree-Produce,,,,,,"4680 US HWY 15-501, Carthage , North Carolina 28327",North Carolina,Carthage,4680 US HWY 15-501,28327,-79.411775,35.3219800,,
on-farm market,"Sep 18th, 2014",default-onfarmmarket-4-3.jpg,701077,Ronnie's Berry Farm,,Ronnie Fish,ronniesfish@gmail.com,919-669-9892,ronniesberryfarm.com,ronnie\'s berry farm,,,,,,"18409 nc 210 hwy, 27501Angier , North Carolina",North Carolina,27501Angier,18409 nc 210 hwy,,-78.365685,35.5175965,,
on-farm market,"Sep 1st, 2014",default-onfarmmarket-4-3.jpg,700757,Helms Christmas Tree Farm,,Henry Helms,henryhelms@bellsouth.net,704-276-1835,www.HelmsChristmasTreeFarm,,,,,,,"6345 Christmas Tree Ln., Vale, North Carolina 28168",North Carolina,Vale,6345 Christmas Tree Ln.,28168,-81.417835,35.514165,,
on-farm market,"Sep 23rd, 2014",default-onfarmmarket-4-3.jpg,700851,Captain John's Lamb LLC,,,,,http://www.dorperscedargrovenc.com/,https://www.facebook.com/CaptainJohnSPopesFarm,,,,,,"6909 Efland-Cedar Grove Rd, cedar Grove, North Carolina",North Carolina,cedar Grove,6909 Efland-Cedar Grove Rd,,-79.165742,36.1987310,,
on-farm market,"Sep 25th, 2014",default-onfarmmarket-4-3.jpg,701099,Busy Bee Farm,,John Strickland,chathamcountybeeman@yahoo.com,919-542-5890,chathamcountybeeman@yahoo.com,BUSY BEE FARM Pittsboro nc,,,,,,"1092 Dewitt Smith Rd., Pittsboro , North Carolina 27312",North Carolina,Pittsboro,1092 Dewitt Smith Rd.,27312,-79.276152,35.654036,,
on-farm market,"Sep 27th, 2015",default-onfarmmarket-4-3.jpg,701298,Davis Boxwood & Daylily Nursery,,Rebecca Davis,beckydaylily@surry.net,336-352-3694,http://davisdaylilynursery.com,https://www.facebook.com/Davis-Boxwood-Daylily-Nursery,,,,,,"136 Sunset Ridge Trail, Lowgap , North Carolina 27024",North Carolina,Lowgap,136 Sunset Ridge Trail,27024,-80.874308,36.525269,,
on-farm market,"Sep 27th, 2020",default-onfarmmarket-4-3.jpg,701558,Walnut Hollow farms,,Linda Friday,lewisfriday@walnuthollowfarms.com,7044602350,,Walnut Hollow Farms,,,,,,"1121 Philadelphia Church rd, Dallas , North Carolina 28034",North Carolina,Dallas,1121 Philadelphia Church rd,28034,-81.183183,35.317935,,
on-farm market,"Sep 28th, 2021",default-onfarmmarket-4-3.jpg,701616,Spartan Tusk and Feather Livestock,,Adam Jeter,spartantflivestock@gmail.com,9105845519,,https://www.facebook.com/SpartanTuskandFeatherLivestock/,,,,,,"250 McCormick Rd, Shannon, North Carolina 28386",North Carolina,Shannon,250 McCormick Rd,28386,-79.191254,34.921006,,
on-farm market,"Sep 30th, 2014",default-onfarmmarket-4-3.jpg,701109,Gilcrest Natural Far,,Amy Foster,amyjofoster@yahoo.com,704-308-1431,www.gilcrestnc.com,Gilcrest Natural Farm,,,,,,"1164 Lowes Lane, Iron Station, North Carolina 28080",North Carolina,Iron Station,1164 Lowes Lane,28080,-81.066740,35.4384950,,
on-farm market,"Sep 6th, 2014",default-onfarmmarket-4-3.jpg,701028,Grandads apples,,Leslie Lancaster,Info@grandadsapples.com,828-685-1685,Www.grandadsapples.com,,,,,,,"2951 chimney rock rd, Hendersonville, North Carolina 28792",North Carolina,Hendersonville,2951 chimney rock rd,28792,-82.412239,35.3648170,,
on-farm market,"Sep 9th, 2014",default-onfarmmarket-4-3.jpg,700238,Windy Wool Windings,,Susan Proctor,saintsandstars@yahoo.com,704-462-2703,saintsandstars.powweb.com,Windy Wool Windings,,,,,,"5247 Plateau Road, Vale, North Carolina 28168",North Carolina,Vale,5247 Plateau Road,28168,-81.376786,35.5735979,,
