Type,ModifyDate,Image,ListingID,Name,Description,ContactName,ContactEmail,ContactPhone,Website,Facebook,Twitter,Instagram,Pinterest,Youtube,Blog,Address,State,City,Street,Zip,Longitude,Latitude,Dates,Products
farmers market,"Aug 5th, 2020",default-farmersmarket-4-3.jpg,300209,"Ocean City, NJ Farmers & Crafters Market",,Rose Savastano,rose@oceancitychamber.com,1-800-BEACH-NJ,www.oceancityvacation.com,https://www.facebook.com/OceanCityNJVacation,,,,,,"6th Street & Asbury Avenue, Ocean City, New Jersey 08226",New Jersey,Ocean City,6th Street & Asbury Avenue,08226,-74.572082,39.282143,June to September,"Fresh fruits, Fresh vegetables, Baked goods, Bedding plants, Canned or preserved fruits/vegetables, Coffee/tea, Crafts/woodworking items, Cut flowers, Dairy products., Eggs, Fish/seafood, Fresh/dried herbs, Honey, Juices/non-alcoholic ciders, Mushrooms, Nursery stock, Nuts, Pet food, Prepared foods, Red/other non-poultry meat and products, Soap/body care products"
farmers market,"Aug 5th, 2022",farmersmarket_301748_14247_20220805204626.png,301748,Riverview Farmers Market,"Riverview Farmers Market is a seasonal Sunday market in the Heights neighborhood of Jersey City. We are a thriving, community-supported, producer-first farmers market, offering a wide range of market vendors and goods which serves all community members, and which especially supports small, local family farmers. We are also a gathering place where the diverse population of Jersey City Heights can get nourishment for their minds, as well as their bodies, through art, music and kids programming. Our market runs every Sunday, May through November, 10 AM to 2PM. We are located in Riverview Fisk Park.",Rachel Meyers,farmsintheheights@gmail.com,9177343657,http://riverviewfarmersmarket.org/,https://www.facebook.com/farmsintheheights,https://twitter.com/JCHeightsMarket,https://www.instagram.com/riverviewfarmersmarket/,,,,"498 Palisade Avenue, Jersey City, NJ, USA",New Jersey,Jersey City,498 Palisade Avenue,07307,-74.04311679999999,40.7449895,05/01/2022 to 11/20/2022,"Fresh fruits, Fresh vegetables, Baked goods, Bedding plants, Canned or preserved fruits/vegetables, Coffee/tea, Cut flowers, Dairy products., Eggs, Fish/seafood, Fresh/dried herbs, Honey, Juices/non-alcoholic ciders, Mushrooms, Nuts, Pet food, Poultry/fowl meat and products, Prepared foods, Red/other non-poultry meat and products, Soap/body care products"
farmers market,"Aug 7th, 2022",farmersmarket_301750_14250_20220807153734.png,301750,Asbury Fresh,"Downtown Asbury Park's beloved farmers & makers market is a weekly destination for thousands of locals and tourists.

Asbury Fresh Farmers and Food Vendors accept SNAP Benefits

2022 marks our 10 year anniversary in Kennedy Park! Enriching Local Communities Through Pop-Up Shopping Experiences",Danny Croak,team@asburyfresh.com,7328597731,https://www.asburyfresh.com/,https://www.facebook.com/asburyfresh,,https://www.instagram.com/asburyfresh/?hl=en,,,,"104 Grand Avenue, Asbury Park, NJ, USA",New Jersey,Asbury Park,104 Grand Avenue,07712,-74.0074815,40.2162344,05/01/2022 to 11/27/2022,"Fresh fruits, Fresh vegetables, Baked goods, Coffee/tea, Crafts/woodworking items, Cut flowers, Dairy products., Dry beans, Eggs, Fish/seafood, Fresh/dried herbs, Grains/flour, Honey, Maple products, Mushrooms, Nuts, Pet food, Poultry/fowl meat and products, Prepared foods, Red/other non-poultry meat and products, Soap/body care products, Tofu/non-animal protein, Wild harvested forest products"
farmers market,"Aug 8th, 2022",farmersmarket_301751_14252_20220808154230.png,301751,Farm Stand at The Urban Farm,,Grow it Green Morristown,christine@growitgreenmorristown.org,(973)206-4177,growitgreenmorristown.org,,,,,,,"31 Hazel Street, Morristown, NJ, USA",New Jersey,Morristown,31 Hazel Street,07960,-74.4771069,40.806209,10/18/2022 to 10/29/2022,"Fresh vegetables, Cut flowers, Eggs"
farmers market,"Aug 8th, 2022",farmersmarket_301752_14252_20220808161915.png,301752,Winter Market Presented by Grow it Green Morristown,,Grow it Green Morristown,christine@growitgreenmorristown.org,(973)206-4177,,,,,,,,"Convent Station, Morris Township, NJ, USA",New Jersey,Morris Township,Convent Station,07960,-74.44579619999999,40.78025590000001,12/10/2022 to 03/25/2023,"Fresh fruits, Fresh vegetables, Baked goods, Canned or preserved fruits/vegetables, Coffee/tea, Cut flowers, Dairy products., Eggs, Fish/seafood, Fresh/dried herbs, Honey, Juices/non-alcoholic ciders, Maple products, Mushrooms, Poultry/fowl meat and products, Prepared foods, Soap/body care products, Wild harvested forest products"
farmers market,"Dec 2nd, 2021",default-farmersmarket-4-3.jpg,301611,Netcong Community Marketplace/Farmers Market,,Maria Patamia,netcongmarketplace@gmail.com,9732967638,http://www.gonetcong.com/,Netcong Community Marketplace,,,,,,"Rt. 46 & Main Street, Netcong, New Jersey 07857",New Jersey,Netcong,Rt. 46 & Main Street,07857,-74.707004,40.897787,,"Fresh fruits, Fresh vegetables, Baked goods, Bedding plants, Canned or preserved fruits/vegetables, Crafts/woodworking items, Cut flowers, Dairy products., Eggs, Fresh/dried herbs, Honey, Maple products, Mushrooms, Nuts, Pet food, Poultry/fowl meat and products, Prepared foods, Soap/body care products, Wild harvested forest products"
farmers market,"Feb 23rd, 2021",default-farmersmarket-4-3.jpg,301190,The Township of Little Falls Farmers Market,,Tyler Passero,LFFarmersMarket@lfnj.com,973-256-3884,,Facebook.com/LittleFallsFarmersMarket,,,,,,"225 Main St, Little Falls, New Jersey 07424",New Jersey,Little Falls,225 Main St,07424,-74.234683,40.882225,May to November,"Fresh fruits, Fresh vegetables, Baked goods, Coffee/tea, Cut flowers, Dairy products., Eggs, Fresh/dried herbs, Honey, Mushrooms, Nuts, Pet food, Prepared foods, Soap/body care products, Tofu/non-animal protein, Wild harvested forest products"
farmers market,"Jan 23rd, 2021",default-farmersmarket-4-3.jpg,301092,Pennington Farmers Market,,Joann Held,penningtonfarmersmarket@gmail.com,6093061483,penningtonfarmersmarket.org,@PenningtonFarmersMkt,PenngtnFarmMkt,,,,,"101 Route 31 N, Pennington, New Jersey 08534",New Jersey,Pennington,101 Route 31 N,08534,-74.796880,40.349400,May to November,"Fresh fruits, Fresh vegetables, Baked goods, Canned or preserved fruits/vegetables, Coffee/tea, Crafts/woodworking items, Cut flowers, Eggs, Fresh/dried herbs, Honey, Juices/non-alcoholic ciders, Maple products, Mushrooms, Poultry/fowl meat and products, Red/other non-poultry meat and products, Soap/body care products, Wine, spirits, beer, hard cider"
farmers market,"Jan 25th, 2021",default-farmersmarket-4-3.jpg,300039,Barnegat Farmers Market,,Jeanne Broadbent,jbroadbent@barnegat.net,609-698-0080x122,www.barnegat.net,@barnegatrecreation,,,,,,"14 Birdsall St., Barnegat, New Jersey 08005",New Jersey,Barnegat,14 Birdsall St.,08005,-74.221654,39.753903,June to October,"Fresh fruits, Fresh vegetables, Baked goods, Bedding plants, Canned or preserved fruits/vegetables, Coffee/tea, Crafts/woodworking items, Cut flowers, Dairy products., Eggs, Fresh/dried herbs, Honey, Mushrooms, Prepared foods"
farmers market,"Jul 27th, 2021",default-farmersmarket-4-3.jpg,301580,Hamilton Park Farmers Market,,Leslie Holechek,hpnafmkt@gmail.com,201-589-0750,https://hpna.wildapricot.org/Farmers-Market,https://www.facebook.com/hpnafmkt,,,,,,"Hamilton Park, Jersey City, New Jersey 07302",New Jersey,Jersey City,Hamilton Park,07302,-74.044847,40.727810,May to December,"Fresh fruits, Fresh vegetables, Baked goods, Bedding plants, Canned or preserved fruits/vegetables, Coffee/tea, Cut flowers, Dairy products., Eggs, Fish/seafood, Nuts, Poultry/fowl meat and products, Prepared foods, Red/other non-poultry meat and products"
farmers market,"Jun 20th, 2023",farmersmarket_300670_14685_20230620160146.png,300670,Hunterdon Land Trust Farmers Market,"The mission of the nonprofit Hunterdon Land Trust is to preserve the integrity of the rural landscapes in the Hunterdon County region by protecting and enhancing natural resources, and the cultural landscape of the historic Dvoor Farm, for public enjoyment and education. From May to late November, we operate a Farmers' Market every Sunday, 9 a.m.-1 p.m. at the historic Dvoor Farm in Flemington.",Laura Orbine,HLTadmin@hunterdonlandtrust.org,908-237-4582,www.hunterdonlandtrust.org,https://www.facebook.com/HunterdonLandTrust,https://twitter.com/HunterdonLandTr,https://www.instagram.com/hunterdonlandtrust,,https://www.youtube.com/hunterdonlandtrust,https://www.hunterdonlandtrust.org/blog/,"111 Mine Street, Flemington, New Jersey 08822",New Jersey,Flemington,111 Mine Street,08822,-74.871267,40.505223,Year-round,"Fresh fruits, Fresh vegetables, Baked goods, Canned or preserved fruits/vegetables, Coffee/tea, Cut flowers, Dairy products., Eggs, Fresh/dried herbs, Honey, Mushrooms, Nursery stock, Pet food, Poultry/fowl meat and products, Prepared foods, Red/other non-poultry meat and products, Soap/body care products, Wine, spirits, beer, hard cider"
farmers market,"Jun 21st, 2020",default-farmersmarket-4-3.jpg,301137,Riverview Farmers Market,,Natalia Rodriguez,riverviewmarketmanager@gmail.com,845-558-0250,http://www.riverviewfarmersmarket.org/,https://www.facebook.com/farmsintheheights/,https://twitter.com/JCHeightsMarket,,,,,"320 Ogden Avenue, Jersey City, New Jersey 07307",New Jersey,Jersey City,320 Ogden Avenue,07307,-74.042798,40.744736,May to November,"Fresh fruits, Fresh vegetables, Baked goods, Bedding plants, Canned or preserved fruits/vegetables, Dairy products., Eggs, Fish/seafood, Fresh/dried herbs, Honey, Maple products, Nuts, Poultry/fowl meat and products, Red/other non-poultry meat and products"
farmers market,"Jun 29th, 2021",default-farmersmarket-4-3.jpg,301554,South Orange Farmers Market,,Lisa Szulewski,lisa@sovillagecenter.org,9737636899,https://www.sovillagecenter.org/pub/event/story/2557/,https://www.facebook.com/SOVillageCenter,,,,,,"12 Sloan Street, SOUTH ORANGE, New Jersey 07079",New Jersey,SOUTH ORANGE,12 Sloan Street,07079,-74.248205,40.7881258,June to October,"Fresh fruits, Fresh vegetables, Baked goods, Cut flowers, Dairy products., Eggs, Fish/seafood, Fresh/dried herbs, Honey, Juices/non-alcoholic ciders, Maple products, Mushrooms, Poultry/fowl meat and products, Prepared foods, Soap/body care products, Wild harvested forest products"
farmers market,"Mar 27th, 2023",default-farmersmarket-4-3.jpg,311687,Allendale Farmers' Market,,,allendalefarmersmarket@gmail.com,201-825-0500,http://www.allendalechamber.com/,,,,,,,"500 W. Crescent Ave., Allendale, NJ, 07401",New Jersey,Allendale,500 W. Crescent Ave.,7401,-74.13831543974226,41.02886754169639,,
farmers market,"Mar 27th, 2023",default-farmersmarket-4-3.jpg,311688,Atlantic City Farmers' Market,,,lberrios@njcra.com,609-347-0500,http://www.njcrda.com/,,,,,,,"1200 Atlantic Ave., Atlantic City, NJ, 08401",New Jersey,Atlantic City,1200 Atlantic Ave.,8401,-74.42555362390587,39.363122060550474,,
farmers market,"Mar 27th, 2023",default-farmersmarket-4-3.jpg,311689,Blairstown Farmers' Market,,,info@foodshedalliance.org,908-362-7967,http://www.blairstownfarmersmarket.com/,https://www.facebook.com/blairstownfarmersmarket/,,,,,,"5 Stillwater Rd., Blairstown, NJ, 07825",New Jersey,Blairstown,5 Stillwater Rd.,7825,-74.95355337360093,40.983824584124605,,
farmers market,"Mar 27th, 2023",default-farmersmarket-4-3.jpg,311690,"Blue Moon Acres Farm Market- Pennington, NJ",,,,609-737-8333,http://www.bluemoonacres.net,http://www.facebook.com/BlueMoonAcresFarm,,,,,,"11 Willow Creek Dr. Pennington, NJ 08534",New Jersey,PENNINGTON,11 WILLOW CREEK DR,8534,-74.78677960881879,40.348593318946854,,
farmers market,"Mar 27th, 2023",default-farmersmarket-4-3.jpg,311691,Bordentown City Community Farmers' Market,,,oliverabistro@verizon.net,267-210-0748,http://www.bordentowncityfarmersmarket.com/,https://www.facebook.com/BordentownFarmersMarket/timeline,,,,,,"207 Crosswicks St., Carslake Community Center, Bordentown, NJ, 08505",New Jersey,Bordentown,207 Crosswicks St.,8505,-74.70498315124523,40.14604384099677,,
farmers market,"Mar 27th, 2023",default-farmersmarket-4-3.jpg,311692,Brick Farmers' Market,,,info@brickfarmersmarket.com,908-489-0559,http://brickfarmersmarket.com/,https://www.facebook.com/brickfarmersmarket/,,,,,,"265 Princeton Ave., Windward Beach Park , Brick, NJ, 08724",New Jersey,Brick,265 Princeton Ave.,8724,-74.10855056205335,40.05908452135915,,
farmers market,"Mar 27th, 2023",default-farmersmarket-4-3.jpg,311693,Burlington County Farmers' Market,,,https://www.facebook.com/Burlington-County-Farmers-Market-115745155132139/timeline/,856-642-3850,http://www.burlcoagcenter.com/farmers-market/,,,,,,,"500 Centerton Rd., Moorestown, NJ, 08057",New Jersey,Moorestown,500 Centerton Rd.,8057,-74.89669322597037,39.984923383998115,,
farmers market,"Mar 27th, 2023",default-farmersmarket-4-3.jpg,311694,Caldwell Farmers' Market,,,projectmainst@gmail.com,973-403-1345,http://www.caldwellfarmersmarket.org/,https://www.facebook.com/CaldwellFarmersMarket,,,,,,"7 Smull Ave., parlking lot behind the Caldwell Cinema, Caldwell, NJ, 07006",New Jersey,Caldwell,7 Smull Ave,7006,-74.27595948995965,40.840514886803085,,
farmers market,"Mar 27th, 2023",default-farmersmarket-4-3.jpg,311695,Clinton Farmers' Market,,,readbooks@clintonbookshop.com,517-456-7494,,https://www.facebook.com/Clinton-Farmers-Market-115933728485071/,,,,,,"1 New St., High Bridge, NJ, 08829",New Jersey,High Bridge,1 New St.,8829,-74.89170123267074,40.66932767977809,,
farmers market,"Mar 27th, 2023",default-farmersmarket-4-3.jpg,311696,Collingswood Farmers' Market,,,Email not found,856-854-8385,http://www.collingswoodmarket.com/,https://www.facebook.com/collingswoodmarket,,,,,,"713 N. Atlantic Ave., Collingswood Police Station, Collingswood, NJ, 08108",New Jersey,Collingswood,713 N. Atlantic Ave.,8108,-75.06995772663815,39.91554380922665,,
farmers market,"Mar 27th, 2023",default-farmersmarket-4-3.jpg,311697,Cowtown Farmers' Market,,,info@cowtownfarmersmarket.org,856-769-3000,http://cowtownfarmmarket.com/,https://www.facebook.com/cowtownfarmersmarketNJ/,,,,,,"780 Rte. 40, Pilesgrove, NJ, 08098",New Jersey,Pilesgrove,780 Rte. 40,8098,-75.37908266763556,39.66394511791873,,
farmers market,"Mar 27th, 2023",default-farmersmarket-4-3.jpg,311698,Doctor's Farm Market,,,,908-867-0060,http://ethoshealth.org,http://www.facebook.com/DoctorsFarmMarket,,,,,,"177 W. Mill Rd Long Valley, NJ 07853",New Jersey,LONG VALLEY,177 W MILL RD,7853,-74.79332212319555,40.77605172831422,,
farmers market,"Mar 27th, 2023",default-farmersmarket-4-3.jpg,311699,Downtown Somerville Farmers' Market,,,somervillefarmersmarket@gmail.com,,http://www.downtownsomerville.com/events/6/farmers-market/,https://www.facebook.com/Somerville-Downtown-Farmers-Market-99232302470/timeline/,,,,,,"39 W. Main St., Somerville, NJ, 08876",New Jersey,Somerville,39 W. Main St.,8876,-74.61296051963127,40.56853079479434,,
farmers market,"Mar 27th, 2023",default-farmersmarket-4-3.jpg,311700,Edison Farmers Market,,,,732-248-7475,http://www.edsionnj.org,,,,,,,"925 Amboy Avenue Edison, NJ 08837",New Jersey,EDISON,925 AMBOY AVE,8837,-74.33256508530945,40.53317070709849,,
farmers market,"Mar 27th, 2023",default-farmersmarket-4-3.jpg,311701,Elizabeth Avenue Farmers' Market,,,eap.partnership@gmail.com,908-965-0660,http://www.elizabethavenue.org/,https://www.facebook.com/ElizabethAvenue.TheMarket,,,,,,"913 Elizabeth Ave., Elizabeth, NJ, 07201",New Jersey,Elizabeth,913 Elizabeth Ave.,7201,-74.20556163926958,40.6597618982906,,
farmers market,"Mar 27th, 2023",default-farmersmarket-4-3.jpg,311702,Englishtown Auction Sales Market,,,,,,,,,,,,"90 Wilson Avenue Englishtown, NJ 07726",New Jersey,ENGLISHTOWN,90 WILSON AVE,7726,-74.36166101297607,40.3138966852456,,
farmers market,"Mar 27th, 2023",default-farmersmarket-4-3.jpg,311703,Fort Lee Farmers Market,,,,201-592-3663,http://www.fortleenj.org,,,,,,,"1355 Inwood Terrace Fort Lee, NJ 07024",New Jersey,FORT LEE,1355 INWOOD TER,7024,-73.9799486709672,40.844013026658104,,
farmers market,"Mar 27th, 2023",default-farmersmarket-4-3.jpg,311704,Golden Nugget Green Market,,,,609-397-0811,,,,,,,,"1850 River Rd. Lambertville, NJ 08530",New Jersey,LAMBERTVILLE,1850 RIVER RD,8530,-74.93975098213473,40.341805901700006,,
farmers market,"Mar 27th, 2023",default-farmersmarket-4-3.jpg,311705,Haddonfield's Farmers' Market,,,info@haddonfieldfarmersmarket.org,856-216-7253,http://www.haddonfieldfarmersmarket.org/,https://www.facebook.com/HaddonfieldFarmersMarket,,,,,,"150 Kings Hwy. E., Haddonfield, NJ, 08033",New Jersey,Haddonfield,150 Kings Hwy. E.,8033,-75.03242496219984,39.897760155225825,,
farmers market,"Mar 27th, 2023",default-farmersmarket-4-3.jpg,311706,Holland Township Farmers' Market,,,hollandtownshipfarmersmarket@gmail.com,908-268-5571,,https://www.facebook.com/hollandtownshipfarmersmarket,,,,,,"971 Milford Warren Glen Rd., Milford, NJ, 08848",New Jersey,Milford,971 Milford Warren Glen Rd.,8848,-75.11983808018374,40.612816374753855,,
farmers market,"Mar 27th, 2023",default-farmersmarket-4-3.jpg,311707,Homestead Farm Market,,,,609-397-8285,http://homesteadfarmmkt.com,,,,,,,"262 N. Main Street Lambertville, NJ 08530",New Jersey,LAMBERTVILLE,262 N MAIN ST,8530,-74.94545262595514,40.374959048108046,,
farmers market,"Mar 27th, 2023",default-farmersmarket-4-3.jpg,311708,Hopatcong Farmers' Market,,,abell@hopatcong.org,973-770-1200,http://hopatcong.org,,,,,,,"111 River Styx Rd., Hopatcong, NJ, 07843",New Jersey,Hopatcong,111 River Styx Rd.,7843,-74.65971861396251,40.934405235983704,,
farmers market,"Mar 27th, 2023",default-farmersmarket-4-3.jpg,311709,King Portland Farmers' Market,,,farm@neptunefarm.com,856-935-3612,http://www.neptunefarm.com/,,,,,,,"723 Harmersville-Canton Road, Salem, NJ, 08079",New Jersey,Salem,723 Harmersville-Canton Road,8079,-75.43013922680157,39.49169476750913,,
farmers market,"Mar 27th, 2023",default-farmersmarket-4-3.jpg,311710,Kirby's Farmers' Market,,,,609-654-4312,http://www.kirbybros.com,http://www.facebook.com/KirbyBros,,,,,,"67 N. Main St Medford, NJ 08055",New Jersey,MEDFORD,67 N MAIN ST,8055,-74.8239108485319,39.902647093986324,,
farmers market,"Mar 27th, 2023",default-farmersmarket-4-3.jpg,311711,Lacey Township Farmers' Market,,,laceyfarmersmarket@gmail.com,609-693-1100,,https://www.facebook.com/laceyfarmersmarket/,,,,,,"203 Lacey Rd., Forked River, NJ, 08731",New Jersey,Forked River,203 Lacey Rd.,8731,-74.19389970877438,39.84377777803617,,
farmers market,"Mar 27th, 2023",default-farmersmarket-4-3.jpg,311712,Long Valley Green Market,,,info@longvalleygreenmarket.com,908-672-2458,http://longvalleygreenmarket.com/,https://www.facebook.com/LongValleyGreenMarket/,,,,,,"20 Schooleys Mountain Rd., Long Valley, NJ, 07853",New Jersey,Long Valley,20 Schooleys Mountain Rd.,7853,-74.7806501424435,40.7865693377563,,
farmers market,"Mar 27th, 2023",default-farmersmarket-4-3.jpg,311713,Maggie's Ringwood Farmers' Market,,,,,http://www.ringwoodfarmersmarket.org,http://www.facebook.com/the-ringwood-farmers-market,,,,,,"139 Skyline Drive Ringwood, NJ 07456",New Jersey,RINGWOOD,139 SKYLINE DR,7456,-74.2623407557682,41.08539955131026,,
farmers market,"Mar 27th, 2023",default-farmersmarket-4-3.jpg,311714,Margate Community Farmer's Market,,,,609-823-1163,,,,,,,,"9700 Amherst Ave Margate, NJ 08402",New Jersey,MARGATE CITY,9700 AMHERST AVE,8402,-74.52060182689621,39.3237560446673,,
farmers market,"Mar 27th, 2023",default-farmersmarket-4-3.jpg,311715,New Brunswick Community Farmers Market,,,,,http://www.nbcfarmersmarket.com/,http://www.facebook.com/nbcfarmersmarket,,,,,,"178 Jones Ave New Brunswick, NJ 08901",New Jersey,NEW BRUNSWICK,178 JONES AVE,8901,-74.44458293996487,40.48043936940804,,
farmers market,"Mar 27th, 2023",default-farmersmarket-4-3.jpg,311716,NOFA-NJ Farmers Market at Duke Farms,,,,908-371-1111,http://www.nofanj.org,http://www.facebook.com/nofanj,,,,,,"1112 Dukes Parkway West Hillsborough Township, NJ 08844",New Jersey,HILLSBOROUGH,1112 DUKES PKWY W,8844,-74.62215234767046,40.5464909969516,,
farmers market,"Mar 27th, 2023",default-farmersmarket-4-3.jpg,311717,Ocean City Farmers' Market,,,,609-399-1412,,,,,,,,"550 Wesley Ave., Tabernacle Grounds, Ocean City, NJ, 08226",New Jersey,Ocean City,550 Wesley Ave.,8226,-74.56991273945658,39.28155008374166,,
farmers market,"Mar 27th, 2023",default-farmersmarket-4-3.jpg,311718,Oceanport Farmer's Market,,,,,,,,,,,,"2 Pemberton Ave Oceanport, NJ 07757 Located at the Oceanport First Aid Building on the corner of Main Street and Pemberton Ave. Every Thursday from 3pm to 8pm July 7 through September 1st.",New Jersey,OCEANPORT,2 PEMBERTON AVE,7757,-74.02899871932,40.313918203644725,,
farmers market,"Mar 27th, 2023",default-farmersmarket-4-3.jpg,311719,Paramus Farmers' Market,,,grm4161@aol.com,917-863-7897,http://www.paramusec.org/farmers-market.php,,,,,,,"475 N. Farview Ave., Paramus, NJ, 07652",New Jersey,Paramus,475 N. Farview Ave.,7652,-74.05718741926644,40.94992301023889,,
farmers market,"Mar 27th, 2023",default-farmersmarket-4-3.jpg,311720,Paterson Farmers' Market,,,patersonmarketgrowers@aol.com,973-742-1019,http://www.patersonfarmersmarket.com/,https://www.facebook.com/farmersmarket449?__fns&hash=Ac25gU43CdzjljiI,,,,,,"449 E. Railway Ave., Paterson, NJ, 07503",New Jersey,Paterson,449 E. Railway Ave.,7503,-74.14949734158336,40.890851864591234,,
farmers market,"Mar 27th, 2023",default-farmersmarket-4-3.jpg,311721,Paterson Market Growers,,,,,,,,,,,,"449 East Railway Avenue Paterson, NJ 07503",New Jersey,PATERSON,449 E RAILWAY AVE,7503,-74.14949734158336,40.890851864591234,,
farmers market,"Mar 27th, 2023",default-farmersmarket-4-3.jpg,311722,Pennsylvania Dutch Farmers' Market,,,,,http://www.padutchfarmersmarket.com,,,,,,,"4437 Route 27, Princeton, NJ, 08540",New Jersey,Princeton,4437 Route 27,8540,-74.60416711222565,40.37998016363717,,
farmers market,"Mar 27th, 2023",default-farmersmarket-4-3.jpg,311723,Pequannock Township Farmers Market,,,,,,,,,,,,"530 Newark Pompton Turnpike Pompton Plains, NJ 07444",New Jersey,POMPTON PLAINS,530 NEWARK POMPTON TPKE,7444,-74.29529404510103,40.96509053753765,,
farmers market,"Mar 27th, 2023",default-farmersmarket-4-3.jpg,311724,Point Pleasant Beach Farmers Market,,,,,http://www.pointpleasantbeachfarmersmarket.com,http://www.facebook.com/PointPleasantBeachFarmersMarket,,,,,,"410 Arnold Ave. Point Pleasant Beach, NJ 08742 The Gazebo at 410 Arnold Ave. next to the Post Office. Free parking across the street at the train station for market customers.",New Jersey,POINT PLEASANT BEACH,410 ARNOLD AVE,8742,-74.04633237155818,40.09199974115862,,
farmers market,"Mar 27th, 2023",default-farmersmarket-4-3.jpg,311725,Ramsey Winter Farmers' Market,,,Ramsey Winter Farmer&#039;s Market,201-675-6866,http://www.ramseyfarmersmarket.org,https://www.facebook.com/ramseyfarmersmarket,,,,,,"73 Monroe St., Ramsey, NJ, 07446",New Jersey,Ramsey,73 Monroe St.,7446,-74.146342699922,41.0668729324009,,
farmers market,"Mar 27th, 2023",default-farmersmarket-4-3.jpg,311726,Riverdale Farmers' Market,,,riverdalefarmersmarket@gmail.com,,,https://www.facebook.com/riverdalefarmersmarket,,,,,,"211 Hamburg Tpke., Riverdale, NJ, 07457",New Jersey,Riverdale,211 Hamburg Tpke.,7457,-74.3169853606,41.001669603989086,,
farmers market,"Mar 27th, 2023",default-farmersmarket-4-3.jpg,311727,Rutgers Gardens Farmers market,,,,732-932-8451,http://www.rutgersgardens.rutgers.edu,,,,,,,"112 Ryders Lane New Brunswick, NJ 08901",New Jersey,NEW BRUNSWICK,112 RYDERS LN,8901,-74.43250928101315,40.4837391735629,,
farmers market,"Mar 27th, 2023",default-farmersmarket-4-3.jpg,311728,Salem City Market,,,darylanne57@gmail.com,856-935-8800,http://www.salemcitynj.com/16001.html,https://www.facebook.com/SalemMainStreetNJ,,,,,,"203 E. Broadway, Salem, NJ, 08079",New Jersey,Salem,203 E. Broadway,8079,-75.46640436159116,39.571616544672004,,
farmers market,"Mar 27th, 2023",default-farmersmarket-4-3.jpg,311729,South Orange Village Farmers' Market,,,info@southorangedowntown.org,973-763-6899,http://www.sovillagecenter.org/,,,,,,,"6 Sloan St., Parking lot across from NJ Transit Sation, South Orange, NJ, 07079",New Jersey,South Orange,6 Sloan St.,7079,-74.26012810709719,40.74596667064776,,
farmers market,"Mar 27th, 2023",default-farmersmarket-4-3.jpg,311730,Springfield Farmers' Market,,,linda.donnelly@springfield-nj.us,,http://www.springfield-nj.com,,,,,,,"139 Mountain Ave., Springfield, NJ, 07081",New Jersey,Springfield,139 Mountain Ave.,7081,-74.31489859980391,40.707182611465555,,
farmers market,"Mar 27th, 2023",default-farmersmarket-4-3.jpg,311731,Sussex County Farmers' Market,,,rdragan@sussex.nj.us,,http://www.sussexfarmvisits.com/farmersmarket.htm,https://www.facebook.com/SussexCountyFarmersMarket,,,,,,"37 Plains Rd., Augusta, NJ, 07822",New Jersey,Augusta,37 Plains Rd.,7822,-74.71569161928065,41.13713930858167,,
farmers market,"Mar 27th, 2023",default-farmersmarket-4-3.jpg,311732,Thursday Organic Pavilion at the Columbus Farmers Market,,,,732-982-7842,http://www.columbusfarmersmarket.com/thursdayorganicpavilion,http://www.facebook.com/CoGrOMarkets,,,,,,"2919 Route 206 Columbus, NJ 08022 FROM THE NEW JERSEY TURNPIKE: Take Exit 7 of the New Jersey Turnpike. Go south on Route 206 for 4 miles. The Market will be on your right. FROM INTERSTATE ROUTE 295:",New Jersey,COLUMBUS,2919 US HWY 206,8022,-74.7248346456387,40.05271102172251,,
farmers market,"Mar 27th, 2023",default-farmersmarket-4-3.jpg,311733,UMDNJ-The University Hospital Auxiliary's Farmers Market,,,,,,,,,,,,"150 Bergen Street Newark, NJ 07101",New Jersey,NEWARK,150 BERGEN ST,7103,-74.19277485323398,40.73974328870647,,
farmers market,"Mar 27th, 2023",default-farmersmarket-4-3.jpg,311734,Washington Borough Farmers' Market,,,admin@washingtonbid.org,908-689-4800,,https://www.facebook.com/WashingtonBoroughNJFarmersMarket,,,,,,"44 E. Washington Ave., Washington, NJ, 07882",New Jersey,Washington,44 E. Washington Ave.,7882,-74.97863179214485,40.75862354748465,,
farmers market,"Mar 27th, 2023",default-farmersmarket-4-3.jpg,311735,West Amwell Farmers Market,,,,609-397-8459,,,,,,,,"150 Rocktown-Lambertville Rd. Lambertville, NJ 08530",New Jersey,LAMBERTVILLE,150 ROCKTOWN RD,8530,-74.89610794734824,40.38365618997009,,
farmers market,"Mar 27th, 2023",default-farmersmarket-4-3.jpg,311736,West Orange Farmers Market,,,,973-325-4109,http://www.downtownwestorange.org,,,,,,,"66 Main Street (Parking Lot behind Town Hall) West Orange, NJ 07052",New Jersey,WEST ORANGE,66 MAIN ST,7052,-74.23906071892728,40.77808529485383,,
farmers market,"Mar 27th, 2023",default-farmersmarket-4-3.jpg,311737,Weymouth Community Market,,,,,,,,,,,,"45 South Jersey Avenue Dorothy, NJ 08317 The Market is located in the Weymouth Township Park adjacent to the Municipal Building. Plenty of parking is available in the two municipal lots on S. Jersey A",New Jersey,DOROTHY,45 S JERSEY AVE,8317,-74.82733945983968,39.40504314073541,,
farmers market,"Mar 27th, 2023",default-farmersmarket-4-3.jpg,311738,Wiley Church Farm Market,,,,856-983-0506,http://www.wileychurch.org,,,,,,,"101 E Main St Marlton, NJ 08053",New Jersey,MARLTON,101 E MAIN ST,8053,-74.91173235398057,39.8881357056847,,
farmers market,"Mar 27th, 2023",default-farmersmarket-4-3.jpg,311739,Woodbine Farmers Market,,,,609-425-3328,http://www.captscrap.com,,,,,,,"602 Washington Ave. Woodbine, NJ 08270",New Jersey,WOODBINE,602 WASHINGTON AVE,8270,-74.81731798376904,39.239858334138155,,
farmers market,"Mar 27th, 2023",default-farmersmarket-4-3.jpg,311740,Woodbridge Wednesdays Farmers' Market,,,,,,,,,,,,"400 Rahway Avenue Woodbridge, NJ 07095",New Jersey,WOODBRIDGE,400 RAHWAY AVE,7095,-74.27627213036295,40.557557637668324,,
farmers market,"May 13th, 2021",default-farmersmarket-4-3.jpg,301506,Morris County Winter Farmers' Market,,Lisa Alexander,accounts@growitgreenmorristown.org,9732061477,https://www.growitgreenmorristown.org/local-food-access,Morris Winter Farmers Market,,,,,,"6 Normandy Heights Rd, Morristown, New Jersey 07960",New Jersey,Morristown,6 Normandy Heights Rd,07960,-74.448694,40.796595,December to March,"Fresh fruits, Fresh vegetables, Baked goods, Canned or preserved fruits/vegetables, Coffee/tea, Crafts/woodworking items, Cut flowers, Dairy products., Eggs, Fish/seafood, Fresh/dried herbs, Grains/flour, Honey, Juices/non-alcoholic ciders, Maple products, Mushrooms, Poultry/fowl meat and products, Prepared foods, Red/other non-poultry meat and products, Soap/body care products, Tofu/non-animal protein, Wild harvested forest products"
farmers market,"May 1st, 2021",default-farmersmarket-4-3.jpg,301500,Metuchen Farmers Market,,Nelson Li,metuchenfarmersmarket@gmail.com,6096199365,402 MAIN ST,https://www.facebook.com/metuchenfarmersmarket,https://twitter.com/MetuchenMkt,,,,,"New Street and Pearl Street, METUCHEN, New Jersey 08840",New Jersey,METUCHEN,New Street and Pearl Street,08840,-74.363008,40.541112,May to November,"Fresh fruits, Fresh vegetables, Baked goods, Bedding plants, Canned or preserved fruits/vegetables, Cut flowers, Dairy products., Eggs, Fresh/dried herbs, Honey, Maple products, Mushrooms, Nuts, Poultry/fowl meat and products, Red/other non-poultry meat and products"
farmers market,"Sep 10th, 2020",default-farmersmarket-4-3.jpg,300019,26th Annual Highlands Business Partnership's Farmers Market,,Carla Cefalo,hbp@highlandsnj.com,732-291-4713,www.highlandsnj.com,https://www.facebook.com/pages/Highlands-Business-Partnership-Highlands-NJ/165486543524770,,,,,,"71 Waterwitch Avenue, Highlands, New Jersey 07732",New Jersey,Highlands,71 Waterwitch Avenue,07732,-73.994358,40.404837,June,"Fresh fruits, Fresh vegetables, Baked goods, Bedding plants, Canned or preserved fruits/vegetables, Crafts/woodworking items, Cut flowers, Dairy products., Eggs, Fresh/dried herbs, Honey, Juices/non-alcoholic ciders, Nuts, Soap/body care products, Wild harvested forest products"
farmers market,"Sep 11th, 2020",default-farmersmarket-4-3.jpg,301332,Historic Downtown Jersey City Farmers Market,,,maria.hdsid@gmail.com,201-547-3554,https://jcdowntown.org/events/farmers-market,https://www.facebook.com/downtownjcfarmersmarket/,https://twitter.com/DowntownHDSID,,,https://www.youtube.com/user/JCHDSID,,"Grove PATH Plaza, Jersey City, New Jersey",New Jersey,Jersey City,Grove PATH Plaza,,-74.042428,40.719659,May to December,"Fresh fruits, Fresh vegetables, Baked goods, Bedding plants, Canned or preserved fruits/vegetables, Coffee/tea, Cut flowers, Dairy products., Eggs, Fish/seafood, Honey, Juices/non-alcoholic ciders, Maple products, Mushrooms, Poultry/fowl meat and products"
on-farm market,"Apr 11th, 2016",default-onfarmmarket-4-3.jpg,701326,Windy Brow Farms,,Jacob Hunt,jake@windybrowfarms.com,8622685727,www.windybrowfarms.com,https://www.facebook.com/windybrowfarms,https://twitter.com/windybrowfarms,,,,,"359 Rt 519, Newton, New Jersey 07860",New Jersey,Newton,359 Rt 519,07860,-74.781489,41.038576,,
on-farm market,"Apr 11th, 2022",default-onfarmmarket-4-3.jpg,700283,Bobolink (llc) Dairy,,Jonathan White,jonathan@cowsoutside.com,908-864-7277,Www cowsoutside.com,https://www.facebook.com/pages/Bobolink-Dairy-Bakehouse/203077189739087,,,,,,"369 Stamets Rd, Milford, New Jersey 08848",New Jersey,Milford,369 Stamets Rd,08848,-75.062493,40.5671520,,
on-farm market,"Apr 21st, 2016",default-onfarmmarket-4-3.jpg,701328,The Original Columbus Farm & Market,,Donna Bouchelle,bouch15@verizon.net,6092910982,,https://www.facebook.com/The-Original-Columbus-Farm-and-Market-616834061703107/,,,,,,"22975 columbus rd, columbus, New Jersey 08022",New Jersey,columbus,22975 columbus rd,08022,-74.748740,40.074548,,
on-farm market,"Aug 13th, 2014",default-onfarmmarket-4-3.jpg,700699,Hayniczs Orchardview Farm Market and Greenhouse,,KATHY HAYNICZ,kbhaynicz@yahoo.com,856-881-1004,www.hayniczorchardviewfarm.com,https://www.facebook.com/pages/Hayniczs-Orchardview-Farm-Market-and-Greenhouse/197438020269238?ref=br_tf,,,,,,"1091 Elk Road - Corner Of Buck And Elk Roads, Monroeville, New Jersey 8343",New Jersey,Monroeville,1091 Elk Road - Corner Of Buck And Elk Roads,8343,-75.123725,39.6445383,,
on-farm market,"Aug 14th, 2014",default-onfarmmarket-4-3.jpg,700092,Oasis Family Farm,,Oasis Family Farm,events@oasisfamilyfarm.com,609-259-7300,www.oasisfamilyfarm.com,https://www.facebook.com/oasisfarm,,,,,,"3 Circle Dr, Robbinsville, New Jersey 08691",New Jersey,Robbinsville,3 Circle Dr,08691,-74.634241,40.201936,,
on-farm market,"Aug 14th, 2014",default-onfarmmarket-4-3.jpg,700425,Bills Figs,,William Muzychko,wmuzy@comcast.net,908-806-4887,wmuzy@comcast.net,,,,,,,"329 Old York Road, Flemington, New Jersey 08822",New Jersey,Flemington,329 Old York Road,08822,-74.809680,40.5057570,,
on-farm market,"Aug 14th, 2014",default-onfarmmarket-4-3.jpg,700616,Blue Moon Acres: Certified Organic Farm and Market,,Natalie Rockwell,nrockwell@bluemoonacres.net,609-737-8333,www.bluemoonacres.com,https://www.facebook.com/BlueMoonAcresFarm,https://twitter.com/bmacres,,,,http://bluemoonacres.com/category/news/,"11 Willow Creek Dr., Pennington, New Jersey 08534",New Jersey,Pennington,11 Willow Creek Dr.,08534,-74.787865,40.3470090,,
on-farm market,"Aug 15th, 2014",default-onfarmmarket-4-3.jpg,700310,"My Poppy's Alpacas, LLC",,Kevin Halpin,info@mypoppysalpacas.com,732-665-6445,http://www.mypoppysalpacas.com/,https://www.facebook.com/pages/My-Poppys-Alpacas/147695915737,https://twitter.com/MyPoppysAlpacas,,,,,"59 Hopkins Rd., Plumsted, New Jersey 08533",New Jersey,Plumsted,59 Hopkins Rd.,08533,-74.473712,40.090669,,
on-farm market,"Aug 25th, 2014",default-onfarmmarket-4-3.jpg,700935,Sweet Sourland Farms,,Constance Katzenbach,cbktznbch@verizon.net,(609) 466-9241,90 Lambertville-Hopewell Rd.,,90 Lambertville-Hopewell Rd.,,,,,"90 Lambertville-Hopewell Rd., Hopewell, New Jersey 08525",New Jersey,Hopewell,90 Lambertville-Hopewell Rd.,08525,-74.788613,40.388164,,
on-farm market,"Aug 26th, 2014",default-onfarmmarket-4-3.jpg,700593,Mount Vernon Farms,,Elmer Platz,platzpt@warwick.net,973-764-6137,www.njtreefarmer.com,https://www.facebook.com/MountVernonFarms,,,,,,"418 Route 515, Vernon, New Jersey 07462",New Jersey,Vernon,418 Route 515,07462,-74.489736,41.175661,,
on-farm market,"Aug 30th, 2014",default-onfarmmarket-4-3.jpg,700991,Little Hooves Romneys,,Charlene Carlisle,ccshep1@aol.com,8568661747,www.LittleHoovesRomneys.com,https://www.facebook.com/pages/Little-Hooves-Romneys/176597835758599,,,,,,"510 Centerton Rd, MOORESTOWN, New Jersey 08057",New Jersey,MOORESTOWN,510 Centerton Rd,08057,-74.895029,39.986156,,
on-farm market,"Aug 3rd, 2014",default-onfarmmarket-4-3.jpg,700657,Stiles Farm and Nursery,,,mpsljs@yahoo.com,609-463-9680,,,,,,,,"172 South Delsea Drive Route 47, Cape May Court House, New Jersey 8210",New Jersey,Cape May Court House,172 South Delsea Drive Route 47,8210,-75.04272,39.489142,,
on-farm market,"Dec 9th, 2014",default-onfarmmarket-4-3.jpg,701180,Tidewater Natural Farms,,Steven C Sockwell,s1100@comcast.net,8567851001,,,,,,,,"70 High Street, LEESBURG, New Jersey 08327",New Jersey,LEESBURG,70 High Street,08327,-74.976953,39.251340,,
on-farm market,"Feb 12th, 2018",default-onfarmmarket-4-3.jpg,700492,DiMeo Farms & Blueberry Plants Nursery,,DiMeo Farms & Blueberry Plants Nursery Mgr.,dimeofarms@gmail.com,(609) 561-5905,http://www.DiMeoFarms.com,https://www.facebook.com/dimeofarms,http://twitter.com/dimeofarms,,,,http://www.dimeofruitfarms.com,"3101 Nesco Road, Hammonton, New Jersey 08037",New Jersey,Hammonton,3101 Nesco Road,08037,-74.726500,39.640696,,
on-farm market,"Feb 9th, 2020",default-onfarmmarket-4-3.jpg,701503,"GrowingDirt.com, a farm at Agrestic Acres",,Jeff Wallace,Info@GrowingDirt.com,908-605-0041,Www.growingdirt.com,@GrowingDirt,,,,,,"51 Lenape lane, Allamuchy, New Jersey 07838",New Jersey,Allamuchy,51 Lenape lane,07838,-74.81256,40.922363,,
on-farm market,"Jul 14th, 2015",default-onfarmmarket-4-3.jpg,700507,Perfect Christmas Tree Farm,,Cynthia & John,curtistreefarm@gmail.com,908-387-1225,www.perfectchristmastree.com,https://www.facebook.com/farmerandwife,,,,,,"999 H\'way 22, Phillipsburg, New Jersey 08865",New Jersey,Phillipsburg,999 H\'way 22,08865,-75.161847,40.6967860,,
on-farm market,"Jul 26th, 2014",default-onfarmmarket-4-3.jpg,700174,Beach View Farms,,Christopher Adams,beachviewfarms@gmail.com,6096612240,http://www.beachviewfarms.com,https://www.facebook.com/beachviewfarms,,,,,,"178 Beachview Avenue, Manahawkin, New Jersey 08050",New Jersey,Manahawkin,178 Beachview Avenue,08050,-74.250913,39.7301044,,
on-farm market,"Jul 26th, 2014",default-onfarmmarket-4-3.jpg,700614,Oasis Garden Center,,,oasisgardencenter1@gmail.com,609-818-1140,,,,,,,,"87 Federal City Rd, Lawrenceville, New Jersey 8648",New Jersey,Lawrenceville,87 Federal City Rd,8648,-74.76173,40.286432,,
on-farm market,"Jul 27th, 2014",default-onfarmmarket-4-3.jpg,700461,The McCanns Farm,,Anita McCann,themccannsfarm@gmail.com,856-881-7775,www.themccannsfarm.com,https://www.facebook.com/pages/McCanns-Farm/62790046533?ref=hl,,,,,http://themccannsfarm.blogspot.com/,"1065 Aura Rd, Elk Township, New Jersey 08343",New Jersey,Elk Township,1065 Aura Rd,08343,-75.136814,39.690294,,
on-farm market,"Jul 28th, 2014",default-onfarmmarket-4-3.jpg,700537,Brodhecker Farm LLC,,Phil Brodhecker,brodheckerfarm@gmail.com,973 383 3592,www.brodheckerfarms.com,,,,,,,"2 Branchville-Lawson Road, Newton, New Jersey 07860",New Jersey,Newton,2 Branchville-Lawson Road,07860,-74.775249,41.108451,,
on-farm market,"Jul 29th, 2014",default-onfarmmarket-4-3.jpg,700771,Grochowicz Farm Market and Deli,,Michelle Grochowicz,grofarms@gmail.com,908-537-4332,www.grofarms.com,,,,,,,"2401 Route 31, Glen Gardner, New Jersey 08826",New Jersey,Glen Gardner,2401 Route 31,08826,-74.948627,40.7046301,,
on-farm market,"Jul 30th, 2014",default-onfarmmarket-4-3.jpg,700764,Happy Day Farm,,tim stockel,happydayfarmnj@gmail.com,732-977-3607,happydayfarmnj.com,https://www.facebook.com/happydayfarmnj?ref=br_tf,,,,,,"97 Daum Road, Manalapan, New Jersey 7726",New Jersey,Manalapan,97 Daum Road,7726,-74.379158,40.2681312,,
on-farm market,"Jul 31st, 2014",default-onfarmmarket-4-3.jpg,700597,C & R Perfect Pick Farm,,Robert Taylor & Charlene Foltzer,perfectpickfarm@ptd.net,908-268-5775,www.perfectpickfarm.com,,,,,,,"71 Beaver Run Road, Lafayette, New Jersey 07848",New Jersey,Lafayette,71 Beaver Run Road,07848,-74.686316,41.115124,,
on-farm market,"Jun 16th, 2015",default-onfarmmarket-4-3.jpg,701272,Weaver's Farm Market,,Merlin Weaver,sales@weaversmarket.net,8566417400,,www.facebook.com/pages/Weavers-Farm-Market,,,,,,"759 Garden Rd, Pittsgrove, New Jersey 08318",New Jersey,Pittsgrove,759 Garden Rd,08318,-75.099947,39.528862,,
on-farm market,"Mar 23rd, 2015",default-onfarmmarket-4-3.jpg,700589,Beemerville Orchard,,Rena Bast,prbast@gmail.com,973-875-1029,,https://www.facebook.com/pages/Beemerville-Orchard/213134775374677,,,,,,"73 Lusscroft Road, Sussex, New Jersey 07461",New Jersey,Sussex,73 Lusscroft Road,07461,-74.684056,41.221728,,
on-farm market,"Mar 23rd, 2015",default-onfarmmarket-4-3.jpg,700734,Hill Creek Farms,,,info@hillcreekfarms.com,856-223-0028,Hillcreekfarms.com,Hillcreekfarms.com,,,,,,"1631 State Highway #45, Mullica Hill, New Jersey 08062",New Jersey,Mullica Hill,1631 State Highway #45,08062,-75.263129,39.707374,,
on-farm market,"Mar 23rd, 2015",default-onfarmmarket-4-3.jpg,700961,Cherry Grove Farm,,Kathryn Simon,cherrygrovefarmstore@gmail.com,609-219-0053,www.cherrygrovefarm.com,https://www.facebook.com/pages/Cherry-Grove-Farm,https://www.twitter.com/cherrygrovefarm,,,,,"3200 Lawrenceville Road (Route 206), Lawrenceville , New Jersey 08648",New Jersey,Lawrenceville,3200 Lawrenceville Road (Route 206),08648,-74.712497,40.308723,,
on-farm market,"May 11th, 2015",default-onfarmmarket-4-3.jpg,701254,Greater Newark Conservancy,,Hannah Caswell,jv@citybloom.org,973-642-4646,www.citybloom.org,facebook.com/greaternewarkconservancy,,,,,,"138 Court St. , Newark, New Jersey 07103",New Jersey,Newark,138 Court St.,07103,-74.182151,40.732757,,
on-farm market,"May 13th, 2021",default-onfarmmarket-4-3.jpg,701600,Grow It Green Urban Farm Stand,,Shaun Ananko,accounts@growitgreenmorristown.org,9732061477,https://www.growitgreenmorristown.org/local-food-access,Grow It Green Morristown,,,,,,"31 Hazel Street, Morristown, New Jersey 07960",New Jersey,Morristown,31 Hazel Street,07960,-74.476846,40.806772,,
on-farm market,"May 1st, 2017",default-onfarmmarket-4-3.jpg,701405,Dancing Waters Farm,,Andrea Holladay,dancingwatersfarm@att.net,908-537-2265,https://www.mohair-fiber.com/,https://www.facebook.com/DancingWatersFarm,https://twitter.com/dancingwaters,,,,https://www.mohair-fiber.com/blog/category/topics/,"304 Hackett Rd., Hampton, New Jersey 08827",New Jersey,Hampton,304 Hackett Rd.,08827,-74.978229,40.664299,,
on-farm market,"Nov 13th, 2014",default-onfarmmarket-4-3.jpg,700520,Von Thuns Country Farm Market,,Cindy VonThun,Cindy@VonThunFarms.com,(732) 329-8656,www.vonthunfarms.com,https://www.facebook.com/VonThunFarms,VonThunFarms,,,,,"519 Ridge Road (Route 522), Monmouth Junction, New Jersey 08852",New Jersey,Monmouth Junction,519 Ridge Road (Route 522),08852,-74.529965,40.379488,,
on-farm market,"Sep 16th, 2014",default-onfarmmarket-4-3.jpg,700645,Argos Farm,,Angela Martin,angela@argosfarm.com,609-693-3513,www.argosfarm.com,ARGOSFARM,,,,,,"1250 Lacey Road, Forked River, New Jersey 8731",New Jersey,Forked River,1250 Lacey Road,8731,-74.235929,39.868775,,
on-farm market,"Sep 4th, 2014",default-onfarmmarket-4-3.jpg,700528,Burjans Pumpkin Festival,,Joyce Burjan,burjans@juno.com,908-782-7654,www.burjansfarm.com,https://www.facebook.com/pages/Burjans-Pumpkin-Festival/145110945523495,,,,,,"524 Old York Rd, Flemington, New Jersey 8822",New Jersey,Flemington,524 Old York Rd,8822,-74.789310,40.5259905,,
