Type,ModifyDate,Image,ListingID,Name,Description,ContactName,ContactEmail,ContactPhone,Website,Facebook,Twitter,Instagram,Pinterest,Youtube,Blog,Address,State,City,Street,Zip,Longitude,Latitude,Dates,Products
farmers market,"Feb 9th, 2021",default-farmersmarket-4-3.jpg,300316,Norfolk Farmers Market,,Angela Bollard,marketmaster@norfolkfarmersmarket.org,8605426873,http://www.norfolkfarmersmarket.org,https://www.facebook.com/NorfolkFarmersMarket,,,,,,"19 Maple Avenue, Norfolk, Connecticut 06058",Connecticut,Norfolk,19 Maple Avenue,06058,-73.197873,41.9907390,June to September,"Prepared foods, Red/other non-poultry meat and products, Soap/body care products, Wine, spirits, beer, hard cider"
farmers market,"Jan 21st, 2021",default-farmersmarket-4-3.jpg,300547,Voluntown Farmers' Market,,Voluntown Economic Development Commission,edc@voluntown.gov,8602086757,http://www.voluntown.biz/voluntown-farmers-market/schedule-of-events/,https://www.facebook.com/VoluntownFarmersArtisansMarket/,,,,,,"195 Main Street, Voluntown, Connecticut 06384",Connecticut,Voluntown,195 Main Street,06384,-71.865502,41.573913,July to October,"Fresh fruits, Fresh vegetables, Baked goods, Canned or preserved fruits/vegetables, Crafts/woodworking items, Eggs, Fresh/dried herbs, Honey, Poultry/fowl meat and products, Prepared foods, Red/other non-poultry meat and products, Soap/body care products"
farmers market,"Jan 26th, 2021",default-farmersmarket-4-3.jpg,300033,Collinsville Farmers Market,,,collinsvillefarmersmarket@gmail.com,860-308-3157,www.collinsvillefarmersmarket.org,https://www.facebook.com/collinsvillefarmersmarket1,@CollinsvilleFM,,,,,"Main St. and Route 179, Collinsville, Connecticut 06019",Connecticut,Collinsville,Main St. and Route 179,06019,-72.923264,41.810819,June to October,"Fresh fruits, Fresh vegetables, Baked goods, Bedding plants, Canned or preserved fruits/vegetables, Cut flowers, Dairy products., Eggs, Fresh/dried herbs, Honey, Juices/non-alcoholic ciders, Maple products, Red/other non-poultry meat and products, Soap/body care products, Wine, spirits, beer, hard cider"
farmers market,"Jan 26th, 2021",default-farmersmarket-4-3.jpg,300479,Lebanon Farmers Market,,Philip Chester,PChester@lebanonct.gov,860-642-2006,www.lebanonct.gov,Lebanon Farmers' Market,,,,,,"579 Exeter Road, Lebanon, Connecticut 06249",Connecticut,Lebanon,579 Exeter Road,06249,-72.212877,41.635781,May to October,"Fresh fruits, Fresh vegetables, Baked goods, Bedding plants, Coffee/tea, Crafts/woodworking items, Cut flowers, Dairy products., Eggs, Fresh/dried herbs, Honey, Juices/non-alcoholic ciders, Maple products, Poultry/fowl meat and products, Prepared foods, Red/other non-poultry meat and products, Soap/body care products, Wine, spirits, beer, hard cider"
farmers market,"Jan 6th, 2021",default-farmersmarket-4-3.jpg,300589,Orange Community Farmers' Market,,Annemarie Sliby,asliby@orangeedc.com,203-891-1045,farmmarketorange.com,facebook.com/OrangeCTFarmersMarket,,,,,,"525 Orange Center Road, Orange , Connecticut 06477",Connecticut,Orange,525 Orange Center Road,06477,-73.021058,41.2735586,June to September,"Fresh vegetables, Baked goods, Bedding plants, Canned or preserved fruits/vegetables, Coffee/tea, Crafts/woodworking items, Juices/non-alcoholic ciders, Maple products, Prepared foods, Red/other non-poultry meat and products, Soap/body care products"
farmers market,"Jul 19th, 2021",default-farmersmarket-4-3.jpg,301566,West Haven Farmers Market,,Karina Curbelo,kcurbelo@westhaven-ct.gov,203-937-3510,,https://www.facebook.com/WestHavenFarmersMarket/,,,,,,"355 Main Street, West Haven, Connecticut 06516",Connecticut,West Haven,355 Main Street,06516,-72.949946,41.271879,July to October,"Fresh fruits, Fresh vegetables, Honey, Soap/body care products"
farmers market,"Jul 23rd, 2020",default-farmersmarket-4-3.jpg,301162,Manchester's Spruce Street Market,,Cynde Acanto,sprucestmarket@manchesterct.gov,8606473089,http://naf1.townofmanchester.org/index.cfm/spruce-street-market/,sprucestreetmarketct,,,,,,"163 Spruce St., Manchester, Connecticut 06040",Connecticut,Manchester,163 Spruce St.,06040,-72.518324,41.781503,July to August,"Fresh fruits, Fresh vegetables, Baked goods, Canned or preserved fruits/vegetables, Eggs, Fresh/dried herbs, Honey, Maple products, Prepared foods, Red/other non-poultry meat and products, Tofu/non-animal protein"
farmers market,"Jul 29th, 2021",default-farmersmarket-4-3.jpg,301583,South Windsor Farmers' Market,,Jennie Tetreault,jennie.tetreault@southwindsor-ct.gov,860-604-3882,https://southwindsor.recdesk.com/Community/Page?pageId=28812,https://www.facebook.com/SWPRD,,,,,,"220 Nevers Rd., South Windsor, Connecticut 06074",Connecticut,South Windsor,220 Nevers Rd.,06074,-72.551790,41.842841,,"Fresh fruits, Fresh vegetables, Baked goods, Bedding plants, Canned or preserved fruits/vegetables, Coffee/tea, Crafts/woodworking items, Cut flowers, Dairy products., Eggs, Fresh/dried herbs, Honey, Maple products, Pet food, Prepared foods, Red/other non-poultry meat and products, Soap/body care products, Tofu/non-animal protein, Wild harvested forest products"
farmers market,"Mar 20th, 2023",default-farmersmarket-4-3.jpg,309139,Andover Farmers' Market,,,AndoverFarmersMarket@gmail.com,860-916-6122,,https://www.facebook.com/AndoverCTFarmersMarket,,,,,,"22 Long Hill Rd., Andover, CT, 06232",Connecticut,Andover,22 Long Hill Rd.,6232,-72.37325289660713,41.74202728189687,,
farmers market,"Mar 20th, 2023",default-farmersmarket-4-3.jpg,309140,Berlin Farmers Market,,,,860-828-5187,,,,,,,,"191 Farmington Avenue Hungerford Park, CT 06037",Connecticut,KENSINGTON,191 FARMINGTON AVE,6037,-72.78461695228474,41.64294343047201,,
farmers market,"Mar 20th, 2023",default-farmersmarket-4-3.jpg,309141,Bethel Farmers' Market,,,Email not found,,http://www.bethelfarmersmarket.org,https://www.facebook.com/pages/Bethel-Farmers-Market/112385562438,,,,,,"67 Stony Hill Rd., Bethel, CT, 06801",Connecticut,Bethel,67 Stony Hill Rd.,6801,-73.38306362384127,41.41489457396189,,
farmers market,"Mar 20th, 2023",default-farmersmarket-4-3.jpg,309142,Billings Forge Farmers Market,,,,860-548-9877,http://www.hartfordfarmersmarket.org,,,,,,,"563 Broad Sr Hartford, CT 06106",Connecticut,HARTFORD,563 BROAD ST,6106,-72.686811294043,41.76193305084632,,
farmers market,"Mar 20th, 2023",default-farmersmarket-4-3.jpg,309143,Bishop's Orchards Farm Market & Winery,,,,,http://www.bishopsorchards.com,http://www.facebook.com/bishopsorchardsfarmmarket,,,,,,"1355 Boston Post Road Guilford, CT 06437",Connecticut,GUILFORD,1355 BOSTON POST RD,6437,-72.69617795895057,41.29072167471084,,
farmers market,"Mar 20th, 2023",default-farmersmarket-4-3.jpg,309144,Black Rock Farmers Market,,,,,http://www.blackrockfarmersmarket.com,http://www.facebook.com/blackrockfarmersmarket/?ref=bookmarks,,,,,,"481 Brewster Street Bridgeport, CT 06605",Connecticut,BRIDGEPORT,481 BREWSTER ST,6605,-73.22441828524141,41.15578754350639,,
farmers market,"Mar 20th, 2023",default-farmersmarket-4-3.jpg,309145,Bozrah Farmers Market,,,,860-889-2689,https://www.bozrahfarmersmarket.org/,http://www.facebook.com/BozrahFarm,,,,,,"Maple Farms Park, 45 Bozrah Street, Bozrah, CT",Connecticut,Bozrah,45 Bozrah Street,,-72.16805097282308,41.55285801810811,,
farmers market,"Mar 20th, 2023",default-farmersmarket-4-3.jpg,309146,Brass City Market on Field,,,,203-982-2272,,https://www.facebook.com/BrassCityMarketOnField/,,,,,,"359 Mill Street, Waterbury, CT",Connecticut,Waterbury,359 Mill Street,,-73.03623909610478,41.54944113783066,,
farmers market,"Mar 20th, 2023",default-farmersmarket-4-3.jpg,309147,Brickwalk Farmers' Market,,,,,,,,,,,,"1189 Post Rd (behind TREK bike store) Fairfield, CT 06824",Connecticut,FAIRFIELD,1189 POST RD,6824,-73.25372534751217,41.144088863808115,,
farmers market,"Mar 20th, 2023",default-farmersmarket-4-3.jpg,309148,Bridgeport Downtown Farmers' Market,,,,203-268-2327,,https://www.facebook.com/BptFarmersMarket,,,,,,"Main St. and Bank St., McLevy Green, Bridgeport, CT, 06604",Connecticut,Bridgeport,Main St. and Bank St.,6604,-73.18889000135889,41.17730001508133,,
farmers market,"Mar 20th, 2023",default-farmersmarket-4-3.jpg,309149,Bridgeport Farmers Market - East End,,,,,,,,,,,,"985 Stratford Avenue Bridgeport, CT 06601",Connecticut,BRIDGEPORT,985 STRATFORD AVE,6607,-73.1700776306839,41.17700548630109,,
farmers market,"Mar 20th, 2023",default-farmersmarket-4-3.jpg,309150,Bridgeport South End Fresh Market,,,,203-268-2716,,,,,,,,"877 Park Avenue Bridgeport, CT 06604",Connecticut,BRIDGEPORT,877 PARK AVE,6604,-73.19746010700533,41.17333815162115,,
farmers market,"Mar 20th, 2023",default-farmersmarket-4-3.jpg,309151,Bristol Farmers' Market,,,,,http://nwctfarmersmarkets.com/bristol/,,,,,,,"N. Main St. & Riverside Ave., The ‘Patch Downtown, Bristol, CT, 06010",Connecticut,Bristol,N. Main St. & Riverside Ave,6010,-72.94559998109266,41.67148998550675,,
farmers market,"Mar 20th, 2023",default-farmersmarket-4-3.jpg,309152,Brookfield Farmers' Market,,,,,,https://www.facebook.com/brookfieldctfarmersmarket,,,,,,"100 Pocono Rd., Brookfield, CT, 06804",Connecticut,Brookfield,100 Pocono Rd.,6804,-73.398067043692,41.46695857999286,,
farmers market,"Mar 20th, 2023",default-farmersmarket-4-3.jpg,309153,Brooklyn Farmers Market,,,,,http://nectfarmers market.com,,,,,,,"564 Providence Road Brooklyn, CT 06234",Connecticut,BROOKLYN,564 PROVIDENCE RD,6234,-71.90206732923076,41.799075854199394,,
farmers market,"Mar 20th, 2023",default-farmersmarket-4-3.jpg,309154,Chester Summer Sunday Market,,,chestersundaymarket14@gmail.com,860-790-5007,https://chestersundaymarket.jimdofree.com/,,,,,,,"23 Ridge Road, Chester, CT",Connecticut,Chester,23 Ridge Road,,-72.45851417686005,41.40482836062105,,
farmers market,"Mar 20th, 2023",default-farmersmarket-4-3.jpg,309155,Chester Sunday Market,,,,,http://chestersundaymarket.com,,,,,,,"23 Main Street in Chester Center Chester, CT 06412",Connecticut,CHESTER,23 MAIN ST,6412,-72.45031072076411,41.402637985383755,,
farmers market,"Mar 20th, 2023",default-farmersmarket-4-3.jpg,309156,CitySeed Indoor Winter Farmers' Market,,,,203-773-3736,,http://www.facebook.com/cityseed,,,,,,"115 Water Street New Haven , CT 06511",Connecticut,NEW HAVEN,115 WATER ST,6511,-72.91953737309282,41.30105890298442,,
farmers market,"Mar 20th, 2023",default-farmersmarket-4-3.jpg,309157,Connecticut Valley Farmers Market I,,,,,,,,,,,,"18 Hartford Avenue Granby, CT 06035",Connecticut,GRANBY,18 HARTFORD AVE,6035,-72.78858703863851,41.952709131917906,,
farmers market,"Mar 20th, 2023",default-farmersmarket-4-3.jpg,309158,Coventry Farmers Market,,,,860-742-4062,https://www.coventryfarmersmarket.org/,https://www.facebook.com/coventryfarmersmarket,,,,,,"The Hale Homestead, 2299 South Street, Coventry, CT",Connecticut,Coventry,2299 South Street,,-72.34577397459455,41.76345999900414,,
farmers market,"Mar 20th, 2023",default-farmersmarket-4-3.jpg,309159,Cromwell Farmers Market,,,,860-614-8727,http://www.cromwellfarmersmarket.org,http://www.facebook.com/cromwellfarmersmarket,,,,,,"1 River Rd Cromwell, CT 06416",Connecticut,CROMWELL,1 RIVER RD,6416,-72.64678941751842,41.58364809326402,,
farmers market,"Mar 20th, 2023",default-farmersmarket-4-3.jpg,309160,Danbury City Center Farmers' Market,,,andreagartner@citycenterdanbury.com,203-792-1711,http://www.citycenterdanbury.com/arts-and-ent/farmers-market.htm,,,,,,,"Kennedy Park, Danbury, CT, 06810",Connecticut,Danbury,Kennedy Park,6810,-73.45916787003071,41.39661730392874,,
farmers market,"Mar 20th, 2023",default-farmersmarket-4-3.jpg,309161,Danielson Farmers Market,,,,,http://nectfarmersmarket.org,,,,,,,"25 Westcott Road Danielson, CT 06239",Connecticut,DANIELSON,25 WESTCOTT RD,6239,-71.87760275390609,41.80932945123494,,
farmers market,"Mar 20th, 2023",default-farmersmarket-4-3.jpg,309162,Denison Farmers Market,,,info@denisonhomestead.org,860-536-8377,https://www.denisonhomestead.org/denison-farmers-market/,http://www.facebook.com/Denison-Homestead-Museum-362383050612175,,,,,,"120 Pequotsepos Road, across from the Denison/Pequotsepus Nature Center, Mystic, CT",Connecticut,Mystic,120 Pequotsepos Road,,-71.94909496372853,41.36182520228053,,
farmers market,"Mar 20th, 2023",default-farmersmarket-4-3.jpg,309163,Downtown Farmers' Market,,,info@cityseed.org,203-773-3736,http://cityseed.org/downtown,https://www.facebook.com/cityseed,,,,,,"Corner of Temple St. and Chapel St., in front of City Hall, New Haven, CT, 06510",Connecticut,New Haven,Corner of Temple St. and Chapel St,6510,-72.92701000949694,41.30658001699791,,
farmers market,"Mar 20th, 2023",default-farmersmarket-4-3.jpg,309164,Downtown New Britain Farmers' Market,,,,860-259-4290,http://www.newbritainroots.org/,http://www.facebook.com/newbritainroots/,,,,,,"27 W Main St New Britain, CT 06051 Farmers' Market is held directly across from City Hall at Central Park (circle island where food trucks park)",Connecticut,NEW BRITAIN,27 W MAIN ST,6051,-72.78298181564199,41.667647037646695,,
farmers market,"Mar 20th, 2023",default-farmersmarket-4-3.jpg,309165,Dudley Farmers Market,,,,,,,,,,,,"2351 Durham Road Guilford, CT 06437",Connecticut,GUILFORD,2351 DURHAM RD,6437,-72.71970317364935,41.35402870700666,,
farmers market,"Mar 20th, 2023",default-farmersmarket-4-3.jpg,309166,Durham Farmers' Market,,,,,http://www.durhamfarmersmarket.org/,https://www.facebook.com/durhamfarmersmarket,,,,,,"Town Green, Durham, CT, 06422",Connecticut,Durham,Town Green,6422,-72.6532662926076,41.462040335133665,,
farmers market,"Mar 20th, 2023",default-farmersmarket-4-3.jpg,309167,East Granby Farmers' Market,,,eastgranbyfarmersmarket@gmail.com,860-653-3002,http://www.egfarmersmarket.com/,https://www.facebook.com/EastGranbyFarmersMarket,,,,,,"24 Center St., East Granby Public Library, Granby, CT, 06026",Connecticut,Granby,"24 Center St., East",6026,-72.7299419942917,41.94050100722373,,
farmers market,"Mar 20th, 2023",default-farmersmarket-4-3.jpg,309168,East Haven Farmer's Market,,,,203-468-3204,http://www.townofeasthavenct.rog,,,,,,,"250 Main Street East Haven, CT 06512",Connecticut,EAST HAVEN,250 MAIN ST,6512,-72.87189432097333,41.27797634630813,,
farmers market,"Mar 20th, 2023",default-farmersmarket-4-3.jpg,309169,East Windsor Farmers' Market,,,ewfarmmarket@gmail.com,860-292-1796,,https://www.facebook.com/EastWindsorFarmersMarket/,,,,,,"58 North St., Windsor Locks, CT, 06096",Connecticut,Windsor Locks,58 North St.,6096,-72.63447082422364,41.93691285731567,,
farmers market,"Mar 20th, 2023",default-farmersmarket-4-3.jpg,309170,Edgewood Park Farmers' Market,,,info@cityseed.org,203-773-3736,http://cityseed.org/edgewood-park,https://www.facebook.com/cityseed,,,,,,"W. Rock Ave. and Whalley Ave., Edgewood Park, New Haven, CT, 06515",Connecticut,New Haven,W. Rock Ave. and Whalley Ave.,6515,-72.95858002871209,41.32587000323733,,
farmers market,"Mar 20th, 2023",default-farmersmarket-4-3.jpg,309171,Ellington Farmers Market,,,,860-872-0121,http://www.ellingtonfarmersmarket.com,http://www.facebook.com/ellingtonfarmersmarket,,,,,,"37 Maple St ELLINGTON, CT 06029 Winter Market held at Ellington High School, 37 Maple St",Connecticut,ELLINGTON,37 MAPLE ST,6029,-72.4606328687849,41.90808371319921,,
farmers market,"Mar 20th, 2023",default-farmersmarket-4-3.jpg,309172,Ellington Summer Farmers Market,,,,,https://www.ellingtonfarmersmarket.com/,http://www.facebook.com/ellingtonfarmersmarket,,,,,,"Arbor Park, Main Street, Ellington, CT",Connecticut,Ellington,"Arbor Park, Main Street",,-72.46807704485155,41.90366604391317,,
farmers market,"Mar 20th, 2023",default-farmersmarket-4-3.jpg,309173,Enfield Farmers' Market,,,,860-273-4884,,,,,,,,"178 Enfield Main Rd., Enfield Valley Grange, Enfield, CT, 06082",Connecticut,Enfield,178 Enfield Main Rd.,6082,-72.59083426628555,42.019181056952334,,
farmers market,"Mar 20th, 2023",default-farmersmarket-4-3.jpg,309174,Fairfield Brickwalk Farmers Market,,,,203-292-8299,http://www.klebanproperties.com,,,,,,,"1215 Post Rd. Fairfield, CT 06824",Connecticut,FAIRFIELD,1215 POST RD,6824,-73.25395185152873,41.143867586807325,,
farmers market,"Mar 20th, 2023",default-farmersmarket-4-3.jpg,309175,Fairfield Farmers' Market,,,,203-259-8786,,,,,,,,"75 Hillside Rd., Between Hillside and Bronson, Fairfield, CT, 06824",Connecticut,Fairfield,"75 Hillside Rd., Between Hillside and Bronson",6824,-73.28371696450355,41.16227176916045,,
farmers market,"Mar 20th, 2023",default-farmersmarket-4-3.jpg,309176,Farmers' Market @ Billings Forge,,,,860-548-9877,http://www.hartfordfarmersmarket.org/,,,,,,,"539 Broad Street Hartford, CT 06106",Connecticut,HARTFORD,539 BROAD ST,6106,-72.68679319452673,41.762163819678726,,
farmers market,"Mar 20th, 2023",default-farmersmarket-4-3.jpg,309177,Farmers Market at Sun Valley Resort,,,,,,http://www.facebook.com/FarmersMarketSunValley/,,,,,,"51 Old Springfield Stafford, CT 06076 Parking is free in our large paved parking lot.",Connecticut,STAFFORD SPGS,51 OLD SPRINGFIELD RD,6076,-72.36424161359416,41.975300466124004,,
farmers market,"Mar 20th, 2023",default-farmersmarket-4-3.jpg,309178,First Presbyterian Church Farmers Market,,,,,http://www.hartfordfarmersmarkets.org/first-presbyterian/,,,,,,,"136 Capital Ave., First Presbyterian Church of Hartford, Hartford, CT, 06106",Connecticut,Hartford,136 Capital Ave,6106,-72.67888433151192,41.761868623505165,,
farmers market,"Mar 20th, 2023",default-farmersmarket-4-3.jpg,309179,Forge City Works Year Round Farmers Market,,,,860-548-9877,https://www.forgecityworks.org/programs/food-access/farmers-market/,https://www.facebook.com/forgecityworks,,,,,,"Billings Forge Green at 539 Broad Street/The Studio, 563 Broad Street, Hartford, CT",Connecticut,Hartford,563 Broad Street,,-72.6877719688638,41.76202300552373,,
farmers market,"Mar 20th, 2023",default-farmersmarket-4-3.jpg,309180,Goshen Farmers' Holiday Market,,,info@goshenfarmersmarket.com,860-307-5426,http://www.goshenfarmersmarket.com/goshen-farmers-holiday-market.html,https://www.facebook.com/goshenfarmersmarket,,,,,,"71 North St., Goshen, CT, 06756",Connecticut,Goshen,71 North St.,6756,-73.23008655522807,41.83645088120312,,
farmers market,"Mar 20th, 2023",default-farmersmarket-4-3.jpg,309181,Goshen Farmers' Market,,,info@goshenfarmersmarket.com,860-307-5426,http://www.goshenfarmersmarket.com/,https://www.facebook.com/goshenfarmersmarket/,,,,,,"42 Ives Rd., Miranda Vineyard, Goshen, CT, 06756",Connecticut,Goshen,"42 Ives Rd., Miranda Vineyard",6756,-73.2398716643822,41.79711886492929,,
farmers market,"Mar 20th, 2023",default-farmersmarket-4-3.jpg,309182,Greenfield Farmers Market,,,,203-259-8786,,,,,,,,"75 Hillside Road Fairfield, CT 06824",Connecticut,FAIRFIELD,75 HILLSIDE RD,6824,-73.28371696450355,41.16227176916045,,
farmers market,"Mar 20th, 2023",default-farmersmarket-4-3.jpg,309183,Greenfield Hill Summer Farmers Market,,,,,,https://www.facebook.com/greenfieldhillfarmersmarket,,,,,,"75 Hillside Road (between Hillside and Bronson Roads), Fairfield, CT, 06824",Connecticut,Fairfield,75 Hillside Road,6824,-73.28371696450355,41.16227176916045,,
farmers market,"Mar 20th, 2023",default-farmersmarket-4-3.jpg,309184,Greenwich Farmers Market,,,,203-380-0580,https://www.greenwichfarmersmarketct.com/,,,,,,,"2 Horseneck Lane, Greenwich, CT",Connecticut,Greenwich,2 Horseneck Lane,,-73.63211280833565,41.02009445820707,,
farmers market,"Mar 20th, 2023",default-farmersmarket-4-3.jpg,309185,Hamden Farmers' Market,,,jsmith@hamden.com,,www.hamden.com/content/7089/7846/11600,,,,,,,"2901 Dixwell Ave., Hamden, CT, 06518",Connecticut,Hamden,2901 Dixwell Ave.,#VALUE!,-72.90213299011877,41.38349561638856,,
farmers market,"Mar 20th, 2023",default-farmersmarket-4-3.jpg,309186,Hartford Capitol Ave Farmers' Market,,,,860-633-1067,,,,,,,,"156 Capitol Avenue Hartford, CT 06106",Connecticut,HARTFORD,156 CAPITOL AVE,6106,-72.67916825041277,41.76194718358938,,
farmers market,"Mar 20th, 2023",default-farmersmarket-4-3.jpg,309187,Hartford Park Street Farmers' Market,,,,860-653-6856,http://www.hartfordfarmersmarkets.org/park-street/,,,,,,,"Corner of Park St. & Washington St., Walgreen's parking lot, Hartford, CT, 06101",Connecticut,Hartford,Corner of Park St. & Washington St.,6101,-72.6823499671567,41.757919980100326,,
farmers market,"Mar 20th, 2023",default-farmersmarket-4-3.jpg,309188,Hartford Regional Market,,,,,http://www.ctgrown.gov,,,,,,,"101 Reserve Road, Exit 27, I-91 Hartford, CT 06114",Connecticut,HARTFORD,101 RESERVE RD,6114,-72.65722933319432,41.75140338167101,,
farmers market,"Mar 20th, 2023",default-farmersmarket-4-3.jpg,309189,Hartford/Farmers Market at Billings Forge,,,,860-548-9877,,http://www.facebook.com/billingsforgeworks,,,,,,"536 Broad Street Hartford , CT 06106 On the green, next to the Firebox Restaraunt",Connecticut,HARTFORD,536 BROAD ST,6106,-72.68677595442041,41.76219589139261,,
farmers market,"Mar 20th, 2023",default-farmersmarket-4-3.jpg,309190,Hartford's North End Farmers' Market,,,,860-296-9325,http://www.hartfordfarmersmarkets.org/north-end/,,,,,,,"80 Coventry St Hartford, CT 06112",Connecticut,HARTFORD,80 COVENTRY ST,6112,-72.69004073656777,41.798003140668285,,
farmers market,"Mar 20th, 2023",default-farmersmarket-4-3.jpg,309191,Hebron Farmers Market,,,,860-748-8187,http://www.hebronfarmersmarket.com/,,,,,,,"1 Main St. Hebron , CT 06248",Connecticut,HEBRON,1 MAIN ST,6248,-72.36611897263775,41.65807921372745,,
farmers market,"Mar 20th, 2023",default-farmersmarket-4-3.jpg,309192,Higganum Village Farmers' Market,,,manager@higganumvillagemarket.org,,http://www.higganumvillagefarmersmarket.org,https://www.facebook.com/pages/Higganum-Village-Farmers-Market/122034221171750,,,,,,"Rte. 154 and Candlewood Rd., Higganum Town Green, Higganum, CT, 06441",Connecticut,Higganum,Rte. 154 and Candlewood Rd.,6441,-72.55911000657785,41.49679000093451,,
farmers market,"Mar 20th, 2023",default-farmersmarket-4-3.jpg,309193,Hill Market Farmers' Market,,,info@cityseed.org,203-773-3736,http://cityseed.org/the-hill-market,https://www.facebook.com/cityseed,,,,,,"Corner of Park St. and South St., Connecticut Mental Health Center, New Haven, CT, 06510",Connecticut,New Haven,Corner of Park St. and South St.,6510,-72.93663997805521,41.30468000718611,,
farmers market,"Mar 20th, 2023",default-farmersmarket-4-3.jpg,309194,Hill-Stead Museum Farmers Market,,,,860-677-4787x110,http://www.hillstead.org,,,,,,,"35 Mountain Road Farmington, CT 06032",Connecticut,FARMINGTON,35 MOUNTAIN RD,6032,-72.82473326859387,41.719656400442894,,
farmers market,"Mar 20th, 2023",default-farmersmarket-4-3.jpg,309195,Homestead Avenue Farmers Market at the Ch...,,,,,http://www.hartfordfarmersmarkets.org/homestead-ave/,,,,,,,"255 Homestead Ave., at the Chrysalis Center, Hartford, CT, 06112",Connecticut,Hartford,255 Homestead Ave.,6112,-72.69558995721378,41.77779803266125,,
farmers market,"Mar 20th, 2023",default-farmersmarket-4-3.jpg,309196,Kent Farmers Market,,,http://instagram.com/kentctchamber,860-592-0061,https://www.kentct.com/kent-ct-farmers-market,https://www.facebook.com/kentctchamberofcommerce/,,,,,,"9 South Main Street (Route 7) just south of the traffic light, Kent, CT",Connecticut,Kent,9 South Main Street,,-73.47761223532162,41.72385051100448,,
farmers market,"Mar 20th, 2023",default-farmersmarket-4-3.jpg,309197,Larson's Farm Market,,,,860-350-2676,http://larsonsfarmmarket.com,,,,,,,"547 Danbury Rd New Milford, CT 06776",Connecticut,NEW MILFORD,547 DANBURY RD,6776,-73.42014087438226,41.50869105948317,,
farmers market,"Mar 20th, 2023",default-farmersmarket-4-3.jpg,309198,Ledyard Farmers' Market,,,info@ledyardfarmersmarket.org,860-464-4290,http://www.ledyardfarmersmarket.org/,https://www.facebook.com/LedyardFarmersMarket/,,,,,,"722 Colonel Ledyard Hwy., Ledyard Fairgrounds, Ledyard, CT, 06339",Connecticut,Ledyard,722 Colonel Ledyard Hwy.,6339,-72.01673238559934,41.44141399349101,,
farmers market,"Mar 20th, 2023",default-farmersmarket-4-3.jpg,309199,Litchfield Hills Farm-Fresh Market,,,MMLHFFM@gmail.com,203-249-5088,http://litchfieldhillsfarmfresh-ct.org/,https://www.facebook.com/LHFFM/,,,,,,"125 West St., Litchfield, CT, 06759",Connecticut,Litchfield,125 West St.,6759,-73.19578987189,41.7465007213235,,
farmers market,"Mar 20th, 2023",default-farmersmarket-4-3.jpg,309200,Litchfield Hills Year Round Farmers Market--2022,,,,860-567-8302,http://www.litchfieldfarmersmarket.org/,https://www.facebook.com/LHFFM/?ref=br_rs,,,,,,"Litchfield Community Center, 421 Bantam Road/Center School Parking Lot, Woodruff Lane, Litchfield, CT",Connecticut,Litchfield,421 Bantam Road/Woodruff Lane,,-73.21526399497654,41.739399997396106,,
farmers market,"Mar 20th, 2023",default-farmersmarket-4-3.jpg,309201,Lyme Farmers Market,,,,860-434-4261,http://farmcoffee.com,,,,,,,"78 Bill Hill Rd (Ashlawn Farm) Lyme, CT 06371",Connecticut,OLD LYME,78 BILL HILL RD,6371,-72.33472299907292,41.361875215834786,,
farmers market,"Mar 20th, 2023",default-farmersmarket-4-3.jpg,309202,Manchester Community Farmer's Market,,,,860-512-2708,,,,,,,,"161 Hillstown Road Manchester, CT 06040",Connecticut,MANCHESTER,161 HILLSTOWN RD,6040,-72.56888549933596,41.76238176833459,,
farmers market,"Mar 20th, 2023",default-farmersmarket-4-3.jpg,309203,Meriden Farmers Market,,,,203-238-7784,http://meridenfarmersmarket.org,http://www.facebook.com/MeridenFarmersMarket/,,,,,,"46 Pratt St. Meriden, CT 06450 across from Fire House, at the foot of the bridge",Connecticut,MERIDEN,46 PRATT ST,6450,-72.79872282283424,41.53840274355134,,
farmers market,"Mar 20th, 2023",default-farmersmarket-4-3.jpg,309204,Middletown Farmers' Market,,,rgottafarm@aol.com,860-342-1844,,,,,,,,"South Green on Old Church St., Middletown, CT, 06457",Connecticut,Middletown,South Green on Old Church St.,6457,-72.6483067783377,41.55680187103693,,
farmers market,"Mar 20th, 2023",default-farmersmarket-4-3.jpg,309205,Milford Woodmont Farmers' Market at the Robert Treat Farm,,,,203-878-4270,http://www.roberttreatfarm.com,,,,,,,"1339 New Haven Avenue Milford, CT 06460",Connecticut,MILFORD,1339 NEW HAVEN AVE,6460,-72.99653610799642,41.22863851636671,,
farmers market,"Mar 20th, 2023",default-farmersmarket-4-3.jpg,309206,Monroe Farmers' Market,,,info@monroefarmersmarket.org,203-520-9449,http://www.monroefarmersmarket.org,https://www.facebook.com/ctfarmersmarket,,,,,,"7 Fan Hill Rd., Monroe, CT, 06468",Connecticut,Monroe,7 Fan Hill Rd.,6468,-73.20733978416135,41.33242464232493,,
farmers market,"Mar 20th, 2023",default-farmersmarket-4-3.jpg,309207,Mystic-Denison Farmers' Market,,,,860-536-8377,,,,,,,,"120 Pequotsepos Rd., Mystic, CT, 06355",Connecticut,Mystic,120 Pequotsepos Rd.,6355,-71.94909496372853,41.36182520228053,,
farmers market,"Mar 20th, 2023",default-farmersmarket-4-3.jpg,309208,Naugatuck Farmers' Market,,,Email not found,203-723-8885,http://www.naugatuck-ct.gov/controls/NewsFeed.aspx?FeedID=122,,,,,,,"Corner of Church St. & Division St., Town Green, Naugatuck, CT, 06770",Connecticut,Naugatuck,Corner of Church St. & Division St.,6770,-73.05522001956366,41.490889979289335,,
farmers market,"Mar 20th, 2023",default-farmersmarket-4-3.jpg,309209,New Britain Farmers' Market,,,,,http://www.ct.gov/doag,,,,,,,"109 North St., New Britain, CT, 06051",Connecticut,New Britain,109 North St.,6051,-72.77838530440323,41.67369445781331,,
farmers market,"Mar 20th, 2023",default-farmersmarket-4-3.jpg,309210,New Canaan Farmers Market,,,,,http://newcanaanfarmersmarket.net,http://www.facebook.com/NewCanaanFarmersMarket,,,,,,"64 Maple Street New Canaan, CT 06840 The New Canaan Farmers market summer outdoor market starts April 27, 2019 through Mid-December. On the corner of Main Street/Maple Street/South Ave.",Connecticut,NEW CANAAN,64 MAPLE ST,6840,-73.49359306847397,41.144576124084544,,
farmers market,"Mar 20th, 2023",default-farmersmarket-4-3.jpg,309211,New Canaan Winter Market,,,lexi@newcanaanfarmersmarket.net,,http://newcanaanfarmersmarket.net/,https://www.facebook.com/NewCanaanFarmersMarket,,,,,,"144 Oenoke Ridge Rd., New Canaan, CT, 06840",Connecticut,New Canaan,144 Oenoke Ridge Rd.,6840,-73.49969088517645,41.15403018368925,,
farmers market,"Mar 20th, 2023",default-farmersmarket-4-3.jpg,309212,New Haven Farmers Market II,,,,,,,,,,,,"224 College Street New Haven, CT 06501",Connecticut,NEW HAVEN,224 COLLEGE ST,6510,-72.92947846101048,41.30622098637156,,
farmers market,"Mar 20th, 2023",default-farmersmarket-4-3.jpg,309213,New London Field of Greens L&M Market,,,,,,http://www.facebook.com/pages/New-London-Field-of-Greens-Markets/191513097562304,,,,,,"365 Montauk Ave New London, CT 06320",Connecticut,NEW LONDON,365 MONTAUK AVE,6320,-72.10358222438995,41.33700972147062,,
farmers market,"Mar 20th, 2023",default-farmersmarket-4-3.jpg,309214,New London Field of Greens Markets,,,,860-439-0016,http://fog.newlondonfarmersmarket.com/,https://www.facebook.com/NewLondonFieldofGreens,,,,,,"1 Water St., New London, CT, 06354",Connecticut,New London,1 Water St.,6354,-72.09644100713938,41.358096602113,,
farmers market,"Mar 20th, 2023",default-farmersmarket-4-3.jpg,309215,New Milford Farmers' Market,,,riverbankfarmct@yahoo.com,,http://www.newmilfordfarmersmarket.com/,https://www.facebook.com/newmilfordctfarmersmarket,,,,,,"Main St., New Milford Town Green, New Milford, CT, 06260",Connecticut,New Milford,Main St.,6260,-73.41153147175154,41.578668594748436,,
farmers market,"Mar 20th, 2023",default-farmersmarket-4-3.jpg,309216,Newington Farmers' Market,,,,860-665-8500,,https://www.facebook.com/Newington-Farmers-Market-170851466322258/,,,,,,"Market Square, Newington, CT, 06111",Connecticut,Newington,Market Square,6111,-72.72097098917816,41.69651857509472,,
farmers market,"Mar 20th, 2023",default-farmersmarket-4-3.jpg,309217,Niantic Farmers' Market,,,nianticmainstreet@sbcglobal.net,860-739-2550,http://www.nianticfarmersmarket.com/,https://www.facebook.com/nianticfarmersmarket,,,,,,"Methodist St. and Main St., Niantic, CT, 06357",Connecticut,Niantic,Methodist St. and Main St.,6357,-72.19482998000217,41.32304999573299,,
farmers market,"Mar 20th, 2023",default-farmersmarket-4-3.jpg,309218,North End Farmers Market,,,,860-346-4845,http://www.northendfarmersmarket.org,,,,,,,"575 Main St. Middletown, CT 06457",Connecticut,MIDDLETOWN,575 MAIN ST,6457,-72.6513886601969,41.56305393364268,,
farmers market,"Mar 20th, 2023",default-farmersmarket-4-3.jpg,309219,Norwalk Farmers' Market,,,,,,,,,,,,"205 Main St., Norwalk, CT, 06066",Connecticut,Norwalk,205 Main St.,6066,-73.42267026914541,41.12931760386605,,
farmers market,"Mar 20th, 2023",default-farmersmarket-4-3.jpg,309220,Old Greenwich Farmers Market,,,,,http://www.oldgreenwichfarmersmarket.com,,,,,,,"38 West End Avenue Old Greenwich, CT 06870",Connecticut,OLD GREENWICH,38 W END AVE,6870,-73.57106714148017,41.031502795295545,,
farmers market,"Mar 20th, 2023",default-farmersmarket-4-3.jpg,309221,Old Saybrook Farmers' Market,,,,860-633-1067,http://oldsaybrookfarmersmarket.com,http://www.facebook.com/osfarmmarket,,,,,,"210 MAIN STREET OLD SAYBROOK, CT 06475",Connecticut,OLD SAYBROOK,210 MAIN ST,6475,-72.37612343751029,41.29115899583254,,
farmers market,"Mar 20th, 2023",default-farmersmarket-4-3.jpg,309222,Old Saybrook Summer Farmers Market,,,info@oldsaybrookfarmersmarket.com,,https://oldsaybrookfarmersmarket.com/,,,,,,,"210 Main Street Old, Saybrook, CT",Connecticut,Saybrook,210 Main Street,,-72.3758739756308,41.29261698168358,,
farmers market,"Mar 20th, 2023",default-farmersmarket-4-3.jpg,309223,Oxford Farmers Market,,,,,http://oxfordisafarm.net,http://www.facebook.com/oxfordisafarm,,,,,,"486 Oxford Rd Oxford, CT 06478 Located in the front side parking lot at town hall, next to the fire department. Oxford and CT grown fruits, vegetables, eggs, and a few surprises!",Connecticut,OXFORD,486 Oxford Rd,6478,-73.12315798513102,41.43902476698592,,
farmers market,"Mar 20th, 2023",default-farmersmarket-4-3.jpg,309224,Plainfield Farmers Market,,,Mmolodich@Snet,860-564-1117,https://www.nectfarmersmarket.org/,https://www.facebook.com/nectfarmersmarket/,,,,,,"Early Learning Center, 651 Norwich Road / Route 12, Plainfield, CT",Connecticut,Plainfield,651 Norwich Road,,-71.91631400581278,41.67600301172399,,
farmers market,"Mar 20th, 2023",default-farmersmarket-4-3.jpg,309225,Plainville Farmers' Market,,,FarmersMarketPLV@gmail.com,,,https://www.facebook.com/FarmersMarketOfPlainville/,,,,,,"47 Robert Holcomb Way, Plainville, CT, 06062",Connecticut,Plainville,47 Robert Holcomb Way,6062,-72.86129291992526,41.66735395981079,,
farmers market,"Mar 20th, 2023",default-farmersmarket-4-3.jpg,309226,Putnam Summer Farmers Market,,,putnamfarmersmarket@gmail.com,860-963-6834,http://www.putnamfarmersmarket.org/,https://www.facebook.com/profile.php?id=100071793786453,,,,,,"Riverview Marketplace, 18 Kennedy Drive, Putnam, CT",Connecticut,Putnam,18 Kennedy Drive,,-71.9053359757668,41.90637299879751,,
farmers market,"Mar 20th, 2023",default-farmersmarket-4-3.jpg,309227,Salem Farmers' Market,,,,,,,,,,,,"82 Norwich Rd (RT 82) Salem, CT 06420",Connecticut,COLCHESTER,82 NORWICH RD,6420,-72.25842394832503,41.4815303818999,,
farmers market,"Mar 20th, 2023",default-farmersmarket-4-3.jpg,309228,Seymour Farmers' Market,,,gazybrothersfarm@sbcglobal.net,203-723-8885,http://www.seymourfarmersmarket.net/,https://www.facebook.com/SeymourFarmersMarket?ref=ts&fref=ts,,,,,,"20 Pine St., Seymour Community Center, Seymour, CT, 06497",Connecticut,Seymour,20 Pine St.,6497,-73.07537296464452,41.39111800649721,,
farmers market,"Mar 20th, 2023",default-farmersmarket-4-3.jpg,309229,Shelton CT Farmers Market,,,,203-404-0489,http://sheltonctfarmersmarket.com,http://www.facebook.com/SheltonFarmMkt,,,,,,"100 Canal St. Shelton, CT 06484 Public Parking lot next to farmers market building",Connecticut,SHELTON,100 CANAL ST W,6484,-73.09296498658412,41.3178990819013,,
farmers market,"Mar 20th, 2023",default-farmersmarket-4-3.jpg,309230,Simsbury Farmers Market,,,,,http://www.simsburyfarmmersmarket.com,,,,,,,"540 Hopmeadow Street Simsbury, CT 06070",Connecticut,SIMSBURY,540 HOPMEADOW ST,6070,-72.80997178647556,41.86200664072559,,
farmers market,"Mar 20th, 2023",default-farmersmarket-4-3.jpg,309231,Southbury Farmers' Market,,,,,http://www.southburyfarmersmarket.org,https://www.facebook.com/Southbury-Farmers-Market-107453909313458/,,,,,,"501 Main St. S., Southbury, CT, 06488",Connecticut,Southbury,501 Main St. S.,6488,-73.225573730372,41.46951186011678,,
farmers market,"Mar 20th, 2023",default-farmersmarket-4-3.jpg,309232,Southington Farmers Market,,,mgauger@snet.net,,http://nwctfarmersmarkets.com/southington/,,,,,,,"Main St., The Town Green, Southington, CT, 06479",Connecticut,Southington,Main St.,6479,-72.87863199406634,41.594665741495945,,
farmers market,"Mar 20th, 2023",default-farmersmarket-4-3.jpg,309233,Spruce Street Farmers Market,,,,,,https://www.facebook.com/SpruceStreetMarketCT/,,,,,,"153 Spruce Street, Manchester, CT",Connecticut,Manchester,153 Spruce Street,,-72.51609092110102,41.77093562756583,,
farmers market,"Mar 20th, 2023",default-farmersmarket-4-3.jpg,309234,Stamford Downtown Farmers' Market,,,,,http://stamford-downtown.com/events/farmers-market,,,,,,,"Bedford St. at Forest, Stamford, CT, 06084",Connecticut,Stamford,Bedford St. at Forest,6084,-73.5381299599717,41.05718000841196,,
farmers market,"Mar 20th, 2023",default-farmersmarket-4-3.jpg,309235,Stamford Museum & Nature Center - Friday Farm Market,,,,203-322-1646,http://stamfordmuseum.org,,,,,,,"39 Scofieldtown Road Stamford, CT 06903",Connecticut,STAMFORD,39 SCOFIELDTOWN RD,6903,-73.54579687940593,41.123735803888394,,
farmers market,"Mar 20th, 2023",default-farmersmarket-4-3.jpg,309236,Stratford Farmers Market,,,,203-268-2716,http://plaskosfarm.com,,,,,,,"2725 Main Street DeLuca Field Stratford, CT 06615",Connecticut,STRATFORD,2725 MAIN ST,6615,-73.13190164046054,41.19724638204813,,
farmers market,"Mar 20th, 2023",default-farmersmarket-4-3.jpg,309237,Suffield Farmers' Market,,,info@SuffieldFarmersMarket.com,860-668-3848,http://www.suffieldfarmersmarket.com/,,,,,,,"N. Main St. and High St., Town Green, Suffield, CT, 06078",Connecticut,Suffield,N. Main St. and High St.,6078,-72.64958996914774,41.98648002091164,,
farmers market,"Mar 20th, 2023",default-farmersmarket-4-3.jpg,309238,The Morris Marketplace,,,erica@themorrismarket.org,860-567-9847,http://www.themorrismarket.org/themorrismarketplace.org/home.html,https://www.facebook.com/The-Morris-Marketplace-342715585832817/,,,,,,"21 Higbie Rd., Morris, CT, 06763",Connecticut,Morris,21 Higbie Rd.,6763,-73.18417022816968,41.686010101819136,,
farmers market,"Mar 20th, 2023",default-farmersmarket-4-3.jpg,309239,Thomaston Farmers' Market,,,,,http://nwctfarmersmarkets.com/,,,,,,,"100 S. Main St., Seth Thomas Park, Thomaston, CT, 06105",Connecticut,Thomaston,100 S. Main St.,6105,-73.07739400913817,41.67024699117533,,
farmers market,"Mar 20th, 2023",default-farmersmarket-4-3.jpg,309240,Torrington Farmers' Market,,,,860-485-0815,http://nwctfarmersmarkets.com/torrington/,,,,,,,"1000 E. Main S., Sky Top Lanes parking lot, Torrington, CT, 06790",Connecticut,Torrington,1000 E. Main S.,6790,-73.0988560451301,41.81344218630678,,
farmers market,"Mar 20th, 2023",default-farmersmarket-4-3.jpg,309241,Trumbull Farmers' Market,,,,203-400-1147,http://www.niatrumbull.org/farmers,,,,,,,"1773 Huntington Tpke., Nichols Improvement Association Green, Trumbull, CT, 06883",Connecticut,Trumbull,1773 Huntington Tpke.,6883,-73.16189998511213,41.24103400244118,,
farmers market,"Mar 20th, 2023",default-farmersmarket-4-3.jpg,309242,Upper State Street Farmers' Market,,,info@upperstatestreet.org,,,https://www.facebook.com/upperstatestreet,,,,,,"1010 State St., New Haven, CT, 06511",Connecticut,New Haven,1010 State St.,6511,-72.90931246602227,41.31592587727105,,
farmers market,"Mar 20th, 2023",default-farmersmarket-4-3.jpg,309243,Village of Devon Farmer's Market,,,,,,http://www.facebook.com/pages/Village-of-Devon-Farmers-Market/308864369173448,,,,,,"120 Bridgeport Ave (RT. 1) Milford, CT 06460",Connecticut,MILFORD,120 BRIDGEPORT AVE,6460,-73.10430234507113,41.2012767915233,,
farmers market,"Mar 20th, 2023",default-farmersmarket-4-3.jpg,309244,Wallingford Farmers' Market,,,Wallingford350@gmail.com,,http://www.wallingfordcenterinc.com/,,,,,,,"Jct. Rte. 5 and Rte. 150, Railroad Station Green, Wallingford, CT, 06492",Connecticut,Wallingford,Jct. Rte. 5 and Rte. 150,6492,-72.82349499999998,41.45392000000004,,
farmers market,"Mar 20th, 2023",default-farmersmarket-4-3.jpg,309245,Waterford Farmers' Market,,,,,,https://www.facebook.com/WaterfordFarmersMarket/,,,,,,"15 Rope Ferry Rd., Waterford, CT, 06385",Connecticut,Waterford,15 Rope Ferry Rd.,6385,-72.13536065352429,41.341527000183326,,
farmers market,"Mar 20th, 2023",default-farmersmarket-4-3.jpg,309246,Watertown Farmers' Market,,,breen@watertownct.org,860-945-5246,,https://www.facebook.com/pages/Watertown-CT-Farmers-Market/121176481302305,,,,,,"470 Main St., Watertown, CT, 06795",Connecticut,Watertown,470 Main St.,6795,-73.1173594944568,41.60439780574959,,
farmers market,"Mar 20th, 2023",default-farmersmarket-4-3.jpg,309247,West End Farmers' Market,,,manager@wefm.org,,http://www.wefm.org/,https://www.facebook.com/pages/West-End-Farmers-Market-of-Hartford/119899984759033,,,,,,"385 Farmington Ave., Clemens Green, Hartford, CT, 06105",Connecticut,Hartford,385 Farmington Ave,6105,-72.70275528817238,41.76730419107546,,
farmers market,"Mar 20th, 2023",default-farmersmarket-4-3.jpg,309248,West Hartford Farmers' Market,,,whfarmersmkt@sbcglobal.net,860-872-1941,https://www.westhartfordct.gov/things_to_do/gardens.asp,,,,,,,"102 LaSalle Rd., Arapahoe Rd. at and LaSalle Rd., West Hartford, CT, 06107",Connecticut,West Hartford,102 LaSalle Rd,6107,-72.74396097880972,41.75903900608375,,
farmers market,"Mar 20th, 2023",default-farmersmarket-4-3.jpg,309249,Westport Farmers Market,,,,,https://www.westportfarmersmarket.com/,https://www.facebook.com/westportfarmersmarket,,,,,,"50 Imperial Avenue, Westport, CT",Connecticut,Westport,50 Imperial Avenue,,-73.35880696048685,41.1378277263946,,
farmers market,"Mar 20th, 2023",default-farmersmarket-4-3.jpg,309250,Westport Summer Evening Market Series,,,,203-227-6858,http://www.wholefoodsmarket.com/stores/westport/,,,,,,,"399 Post Rd. West Westport, CT 06880",Connecticut,WESTPORT,399 POST RD W,6880,-73.37890970893734,41.12941119928588,,
farmers market,"Mar 20th, 2023",default-farmersmarket-4-3.jpg,309251,Wethersfield Farmers' Market,,,info@wethersfieldfarmersmarket.com,860-578-8650,http://wfmarket.org/,https://www.facebook.com/WethersfieldFarmersMarket,,,,,,"220 Hartford Ave., Wethersfield, CT, 06109",Connecticut,Wethersfield,220 Hartford Ave.,6109,-72.66061114549197,41.71941619124536,,
farmers market,"Mar 20th, 2023",default-farmersmarket-4-3.jpg,309252,Whole Foods Market of Westport Winter Farmers' Market,,,,203-227-6858,http://www.wholefoodsmarket.com/stores/westport/,,,,,,,"399 Post Rd. West Westport, CT 06880",Connecticut,WESTPORT,399 POST RD W,6880,-73.37890970893734,41.12941119928588,,
farmers market,"Mar 20th, 2023",default-farmersmarket-4-3.jpg,309253,Wilton Farmers Market,,,farmersmarket@wiltonchamber.com,203-762-0567,http://wiltonfarmersmarket.com/,https://www.facebook.com/pages/Wilton-Farmers-Market/114644171953420,,,,,,"224 Danbury Rd., Wilton, CT, 06897",Connecticut,Wilton,224 Danbury Rd.,6897,-73.42499508596394,41.188003473532646,,
farmers market,"Mar 20th, 2023",default-farmersmarket-4-3.jpg,309254,Winsted Farmers Market,,,,,http://www.winstedfarmersmarket.org,,,,,,,"1 Park Place Winsted, CT 06098",Connecticut,WINSTED,1 PARK PL W,6098,-73.0604073831492,41.921284285851655,,
farmers market,"Mar 20th, 2023",default-farmersmarket-4-3.jpg,309255,"Winter Farmers Market Greenfield Hill Grange, Fairfield, CT",,,,203-913-5055,,http://www.facebook.com/greenfieldhillgrangefarmersmaret?ref=br_tf,,,,,,"1873 Hillside Road Greenfield Grange Hall Fairfield, CT 06824",Connecticut,FAIRFIELD,1873 HILLSIDE RD,6824,-73.29331809456833,41.18442242153827,,
farmers market,"Mar 20th, 2023",default-farmersmarket-4-3.jpg,309256,Wooster Square Farmers' Market,,,info@cityseed.org,203-773-3736,http://cityseed.org/wooster-square,https://www.facebook.com/cityseed,,,,,,"Corner of Chapel St. and DePalma Ct., Russo Park, New Haven , CT, 06511",Connecticut,New Haven,Corner of Chapel St. and DePalma Ct.,6511,-72.9179500103546,41.30379001670693,,
farmers market,"Mar 20th, 2023",default-farmersmarket-4-3.jpg,309257,Wooster Square Summer Farmers Market,,,info@cityseed.org,,https://cityseed.org/wooster-square-market/,https://www.facebook.com/cityseed,,,,,,"Conte West Middle School, 511 Chapel Street, New Haven, CT",Connecticut,New Haven,511 Chapel Street,,-72.91558731742963,41.303758647877274,,
farmers market,"Mar 30th, 2022",default-farmersmarket-4-3.jpg,300130,Danbury Farmers' Market,,Peggy Zamore,peggyz18@gmail.com,203 792-1711,www.danburyfarmersmarket.org,danburyconnecticutfarmersmarket,danburyfarmersmarket,,,dadnburyfarmerwmarket,,"1 Patriot Drive, Danbury, Connecticut 06810, USA",Connecticut,Danbury,1 Patriot Drive,06810,-73.4487846,41.3961518,,"Fresh fruits, Fresh vegetables, Baked goods, Bedding plants, Canned or preserved fruits/vegetables, Coffee/tea, Crafts/woodworking items, Cut flowers, Dairy products., Dry beans, Eggs, Fresh/dried herbs, Honey, Maple products, Mushrooms, Pet food, Prepared foods, Soap/body care products"
farmers market,"Sep 10th, 2020",default-farmersmarket-4-3.jpg,300222,Milford - Downtown Farmers Market,,Greg Ferro and Tracy Bonosconi,info@downtownmilfordfarmersmarket.com,516-639-6889,www.downtowntownmilfordfarmersmarket.com,https://www.facebook.com/Milfordmarket,,,,,,"108 West Main Street (Wasson Field), Milford, Connecticut 06460",Connecticut,Milford,108 West Main Street (Wasson Field),06460,-73.062096,41.226598,June to October,"Fresh fruits, Fresh vegetables, Baked goods, Bedding plants, Canned or preserved fruits/vegetables, Coffee/tea, Crafts/woodworking items, Cut flowers, Eggs, Fresh/dried herbs, Honey, Juices/non-alcoholic ciders, Maple products, Mushrooms, Nursery stock, Poultry/fowl meat and products, Prepared foods, Red/other non-poultry meat and products, Soap/body care products"
on-farm market,"Aug 13th, 2014",default-onfarmmarket-4-3.jpg,700033,StandingStone Farm/Flatland Alpacas,,LoriA,info@standingstonefainters.com,860-376-4658,https://www.standingstonefarm.com,https://www.facebook.com/StandingStoneFainters,,,,,,"285 Sam Chikan Rd, Griswold, Connecticut 06351",Connecticut,Griswold,285 Sam Chikan Rd,06351,-71.941041,41.5576601,,
on-farm market,"Aug 13th, 2014",default-onfarmmarket-4-3.jpg,700790,Old Fitch Farm Vineyard,,Warren strong,fitchclaremont@yahoo.com,860 8890260,Http://fitchclaremonthouse.com,,,,,,,"83 Fitchville Road, Bozrah, Connecticut 06334",Connecticut,Bozrah,83 Fitchville Road,06334,-72.138952,41.563339,,
on-farm market,"Aug 15th, 2014",default-onfarmmarket-4-3.jpg,700598,Pell Farm,,Tracy,Pellfarms@gmail.com,860-763-1643,www.pell-farms.com,https://www.facebook.com/pages/Pell-Farm/1448216858744306,https://twitter.com/PellFarm,,,,,"96 Kibbe Grove Road, Somers , Connecticut 06071",Connecticut,Somers,96 Kibbe Grove Road,06071,-72.459035,42.0281882,,
on-farm market,"Aug 1st, 2014",default-onfarmmarket-4-3.jpg,700721,"Walnut Ledge Farm, LLC",,Joanna Kamis,info@walnutledgefarm.com,860-633-2286,www.walnutledgefarm.com,https://www.facebook.com/pages/Walnut-Ledge-Farm/421246841298079,,,,,,"360 Matson Hill Road, South Glastonbury, Connecticut 06073",Connecticut,South Glastonbury,360 Matson Hill Road,06073,-72.583278,41.6535280,,
on-farm market,"Aug 26th, 2014",default-onfarmmarket-4-3.jpg,700332,Averill Farm,,Susan Averill,info@averillfarm.com,860-868-2777,Www.averillfarm.com,https://www.facebook.com/pages/Averill-Farm/159088404122324?ref=ts,,,,,N/a,"250 Calhoun St, Washington Depot, Connecticut 6794",Connecticut,Washington Depot,250 Calhoun St,6794,-73.342029,41.664274,,
on-farm market,"Aug 4th, 2014",default-onfarmmarket-4-3.jpg,700719,Buell's Orchard,,Patty Sandness,information@buellsorchard.com,(860) 974-1150,www.buellsorchard.com,www.facebook.com/pages/Buells-Orchard/132499357322,https://twitter.com/BuellsOrchard,,,,,"108 Crystal Pond Road, Eastford, Connecticut 06242",Connecticut,Eastford,108 Crystal Pond Road,06242,-72.104312,41.917985,,
on-farm market,"Dec 4th, 2014",default-onfarmmarket-4-3.jpg,701178,Pakulis Farm LLC,,Sandra F Brodeur,sandy.brodeur@gmail.com,860-450-6744,,https://www.facebook.com/pakulis.farm,,,,,,"63 Creamery Brook Road, Brooklyn, Connecticut 06234",Connecticut,Brooklyn,63 Creamery Brook Road,06234,-71.934901,41.772394,,
on-farm market,"Jan 5th, 2015",default-onfarmmarket-4-3.jpg,701187,Blue Hills Orchard,,Eric Henry,eric@bluehillsorchard.com,2032693189,bluehillsorchard.com,Blue Hills Orchard,,,,,,"141Blue Hills Rd., Wallingford, Connecticut 06492",Connecticut,Wallingford,141Blue Hills Rd.,06492,-72.866826,41.4486597,,
on-farm market,"Jul 20th, 2016",default-onfarmmarket-4-3.jpg,701362,White Stone Acres,,Gina White,whitestoneacres@hotmail.com,8607104616,www.whitestoneacres.com,www.facebook.com/whitestoneacres,,,,,,"113 South Rd, Winchester Center, Connecticut 06098",Connecticut,Winchester Center,113 South Rd,06098,-73.131064,41.896949,,
on-farm market,"Jul 26th, 2014",default-onfarmmarket-4-3.jpg,700253,Sepe Farm LLC,,Peter Sepe,pasepe@juno.com,203-270-9507,www.sepefarm.com,https://www.facebook.com/SepeFarm,,,,,,"83 Toddy Hill Road, Sandy Hook, Connecticut 06482",Connecticut,Sandy Hook,83 Toddy Hill Road,06482,-73.258523,41.391519,,
on-farm market,"Jul 26th, 2014",default-onfarmmarket-4-3.jpg,700475,Starberry Farm,,Bob and Sally Futh,Starberry@snet.net,(860) 868-2863  Fax:,,,,,,,,"47 & 81 Kielwasser Road, Washington Depot, Connecticut 06794",Connecticut,Washington Depot,47 & 81 Kielwasser Road,06794,-73.335148,41.664623,,
on-farm market,"Jul 27th, 2014",default-onfarmmarket-4-3.jpg,700008,Whippoorwill Farm,,Allen and Robin Cockerline,info@whippoorwillfarmct.com,860-435-2089,WhippoorwillFarmCT.com,https://www.facebook.com/WhippoorwillFarm,,,,,,"189 Salmon Kill Rd, Salisbury, Connecticut 06039",Connecticut,Salisbury,189 Salmon Kill Rd,06039,-73.401747,41.964324,,
on-farm market,"Jul 27th, 2014",default-onfarmmarket-4-3.jpg,700780,Lost Acres Orchard,,,ginny@lostacres.com,(860) 653-6600,www.lostacres.com,,,,,,,"130 Lost Acres Road, North Granby, Connecticut 6060",Connecticut,North Granby,130 Lost Acres Road,6060,-72.861531,42.0095720,,
on-farm market,"Jul 28th, 2014",default-onfarmmarket-4-3.jpg,700522,Cheney Family Farm,,Cheney Family Farm,cheneyfamilyfarm@gmail.com,860-866-8355,www.cheneyfamilyfarm.com,https://www.facebook.com/CheneyFamilyFarm?ref_type=bookmark,,,,,,"144 Mansfield Rd, Harwinton, Connecticut 06791",Connecticut,Harwinton,144 Mansfield Rd,06791,-73.100964,41.745224,,
on-farm market,"Jul 30th, 2014",default-onfarmmarket-4-3.jpg,700225,Staehly Farms,,Christopher Staehly,staehlys@att.net,860-873-9774,http://www.staehlys.com/,https://www.facebook.com/Staehlys,,,,,,"278 Town Street, East Haddam, Connecticut 6423",Connecticut,East Haddam,278 Town Street,6423,-72.432965,41.453149,,
on-farm market,"Jul 6th, 2016",default-onfarmmarket-4-3.jpg,700687,The Village Farm,,Lise goedewaagen,LGoed@aol.com,860 354-7008,,The  Village Farm and World\'s Best Wreaths,,,,,,"682 Kent Rd., Gaylordsville, Connecticut 06755",Connecticut,Gaylordsville,682 Kent Rd.,06755,-73.483988,41.643795,,
on-farm market,"Jun 10th, 2016",default-onfarmmarket-4-3.jpg,700727,Raspberry Knoll Farm LLC,,Mary Concklin,mary@raspberryknoll.com,860-786-7486,www.raspberryknoll.com,www/facebook.com/raspberryknoll,,,,,,"163 North Windham Rd, North Windham, Connecticut 06256",Connecticut,North Windham,163 North Windham Rd,06256,-72.166800,41.721441,,
on-farm market,"Mar 23rd, 2015",default-onfarmmarket-4-3.jpg,700286,Laurel Ridge Grass Fed Beef,,John Morosani,john@lrgfb.com,860-567-8122,www.lrgfb.com,,,,,,,"66 Wigwam Road, Litchfield, Connecticut 6759",Connecticut,Litchfield,66 Wigwam Road,6759,-73.134770,41.703911,,
on-farm market,"Mar 24th, 2015",default-onfarmmarket-4-3.jpg,700584,Bishops Orchards location 1,,,pyoinfo@bishopsorchards.com,(203) 458-7425,www.bishopsorchards.com,,,,,,,"1355 Boston Post Road, Guilford, Connecticut 06437",Connecticut,Guilford,1355 Boston Post Road,06437,-72.694628,41.289406,,
on-farm market,"Mar 30th, 2022",csa_200704_10242_20220330133407.png,701652,Howling Flats Farm,"Howling Flats Farm is a small family farm in the NW Corner of Connecticut raising Certified Humane Grass fed Angus, pasture raised pork and lamb utilizing holistic management practices.",Kelley Babbin,howlingflatsfarm@gmail.com,860-379-8961,www.howlingflatsfarm.com,www.facebook.com/howlingflatsfarm,,https://www.instagram.com/howlingflatsfarmer/,,,,"19 Raymond Avenue, North Canaan, Connecticut 06018",Connecticut,North Canaan,19 Raymond Ave,06018,-73.3552462,42.0103946,Year-round,Poultry/fowl meat and products
on-farm market,"Nov 30th, 2016",default-onfarmmarket-4-3.jpg,701375,Rose Orchards,,Tyler Rose,roseorchardsfarm.com,203-488-7996,roseorchardsfarm.com,https://www.facebook.com/roseorchardsfarm/,,,,,,"33 Branford rd., North Branford, Connecticut 06471",Connecticut,North Branford,33 Branford rd.,06471,-72.771086,41.3078192,,
on-farm market,"Oct 15th, 2014",default-onfarmmarket-4-3.jpg,700157,Common Ground CSA,,Jessica & Jeffrey,commongroundcsa@gmail.com,860-316-8368,www.commongroundcsa.com,https://www.facebook.com/commongroundcsa,,,,,,"46 Lake Hayward Town Road, Colchester, Connecticut 06415",Connecticut,Colchester,46 Lake Hayward Town Road,06415,-72.337980,41.519525,,
on-farm market,"Oct 15th, 2014",default-onfarmmarket-4-3.jpg,701138,COLD SPRING FARM at Lake Hayward,,Jessica & Jeffrey,coldspringfarm@icloud.com,860-316-8368,,,,,,,,", East Haddam, Connecticut 06423",Connecticut,East Haddam,,06423,-72.475776,41.5034351,,
on-farm market,"Sep 14th, 2014",default-onfarmmarket-4-3.jpg,700494,Devon Point Farm,,Patty Taylor,devonpointfarm@gmail.com,860-974-9004,http://www.devonpointfarm.com,,,,,,,"54 Joy Road, Woodstock, Connecticut 6281",Connecticut,Woodstock,54 Joy Road,6281,-71.986364,41.955761,,
on-farm market,"Sep 16th, 2014",default-onfarmmarket-4-3.jpg,700683,Oak Haven Farm,,ROBERT BRAUTIGAM,lmsmith@snet.net,(860) 456-3333,lmsmith@snet.net,,,,,,,"113 Khourie Road, Scotland, Connecticut 06264",Connecticut,Scotland,113 Khourie Road,06264,-72.077528,41.684190,,
on-farm market,"Sep 23rd, 2014",default-onfarmmarket-4-3.jpg,701092,Holbrook Farm Market and Bakery,,Jessica Wong,jwong1817@gmail.com,203-979-1817,http://holbrookfarm.net/index.html,https://www.facebook.com/pages/Holbrook-Farm/201052823263981?ref=br_tf,,,,,,"45 Turkey Plain RD, Bethel, Connecticut 06801",Connecticut,Bethel,45 Turkey Plain RD,06801,-73.416749,41.3462840,,
on-farm market,"Sep 27th, 2014",default-onfarmmarket-4-3.jpg,701103,Mike's Beehives LLC,,Mike\'s Beehives LLC,mikesbeehives@gmail.com,2036482942,www.mikesbeehives.com,Mike\'s Beehives LLC,Mike\'s  Beehives,,,,www.mikesbeehives.com,"94 Mallory Rd, Roxbury, Connecticut 06783",Connecticut,Roxbury,94 Mallory Rd,06783,-73.291478,41.516591,,
on-farm market,"Sep 30th, 2014",default-onfarmmarket-4-3.jpg,700222,Stone Bridge Farm Alpacas,,Denise Curran,stonebridgealpacas@ct.metrocast.net,860-376-5027,http://www.stonebridgealpacas.com/,https://www.facebook.com/stonebridgealpacas,,,,,,"116 Crary Rd., Griswold, Connecticut 06351",Connecticut,Griswold,116 Crary Rd.,06351,-71.950160,41.568413,,
